Title,Price,Subscribers,Reviews,Length,Reviews Percent
Learn Web Designing & HTML5/CSS3 Essentials in 4-Hours,75,43285,525,4.0,1.212891301836664
Learning Dynamic Website Design - PHP MySQL and JavaScript,50,47886,285,12.5,0.5951635133441925
ChatBots: Messenger ChatBot with API.AI and Node.JS,50,2577,529,4.5,20.527745440434614
Projects in HTML5,60,8777,206,15.5,2.3470434089096504
Programming Foundations: HTML5 + CSS3 for Entrepreneurs 2015,20,23764,490,5.5,2.061942433933681
How To Make A Wordpress Website 2017 | Divi Theme Tutorial,40,3541,202,4.0,5.70460321942954
Build Your Own Backend REST API using Django REST Framework,50,2669,112,5.5,4.196328212813788
Angular and Firebase - Build a Web App with Typescript,150,1966,359,5.0,18.260427263479144
Web Development Masterclass - Complete Certificate Course,200,4090,178,19.5,4.352078239608802
Spring Boot Tutorial For Beginners,40,2578,210,5.5,8.145849495733126
The Complete Bootstrap Masterclass Course - Build 4 Projects,195,24978,540,7.0,2.1619024741772757
Scaling Docker on AWS,25,3133,351,6.0,11.20331950207469
Learn JavaScript for beginners,200,15276,167,1.5,1.0932181199266824
HTML Tutorial: HTML & CSS for Beginners,20,12458,253,4.0,2.0308235671857444
Learn by Doing: Vue JS 2.0 the Right Way,95,1087,220,3.5,20.239190432382706
Learn Complete Web Development From Scratch,40,14074,106,12.0,0.753161858746625
Introduction to Web Development: HTML,20,26800,333,3.0,1.2425373134328357
Web Site for Beginners - Learn Web Building like knitting,20,9425,147,1.5,1.5596816976127321
How To Make A Wordpress Website 2017 - Divi Theme Tutorial,40,2780,94,3.0,3.381294964028777
Web Programming with Python,50,35267,217,4.0,0.6153060935151842
PHP Login and Registration System - Email Confirm Activation,100,2607,317,5.0,12.159570387418489
PSD to Responsive HTML5: Beginner to Advanced,40,1502,218,6.0,14.513981358189081
Ultimate Web Developer Course Build 10 Websites from Scratch,200,9359,110,32.5,1.1753392456459022
Rapid Website Design with Bootstrap,200,14842,131,1.0,0.8826303732650587
Build Enterprise Applications with Angular 2 (and Angular 4),190,6082,848,9.5,13.94278197961197
Angular 4 (2+) Crash Course for Beginners,120,12366,506,9.0,4.091864790554746
Accelerated JavaScript Training,110,4720,1017,7.5,21.546610169491526
"Beginner API development in Node, Express, ES6, & MongoDB",165,7057,655,18.5,9.281564404137736
React JS and Redux - Mastering Web Apps,60,16829,820,5.0,4.872541446312912
Web Development w/ Google’s Go (golang) Programming Language,65,4872,662,19.0,13.587848932676518
Git a Web Developer Job: Mastering the Modern Workflow,200,5809,1445,15.0,24.87519366500258
The Complete WordPress Website Business Course,150,13439,1981,20.5,14.740680110127242
The Complete HTML and CSS Course For Beginners,85,733,104,3.0,14.188267394270124
Learn  Bootstrap Development By Building 10 Projects,60,14813,1358,13.5,9.167623033821643
Advanced Javascript,200,6601,1304,3.5,19.75458263899409
Dissecting Ruby on Rails 5 - Become a Professional Developer,195,2804,418,37.5,14.907275320970042
The Complete Wordpress Course - Build Your Own Website Today,195,9421,73,3.5,0.7748646640484025
JQuery Essentials core training for Dynamic Interactive web,100,9668,38,4.0,0.39304923458833263
Node.js: The Essentials + API Frameworks Express KOA Sails,20,2760,52,1.0,1.884057971014493
The Complete PHP Bootcamp Course With Video Sharing Project,195,9831,56,14.5,0.5696266910792391
Build a Single Page Application with jQuery & AJAX,60,486,59,2.0,12.139917695473251
Practical CSS Website Development: Crash Course ,95,11170,35,2.5,0.3133393017009848
Successful website creation - everything you need to know,150,9384,21,1.5,0.2237851662404092
Start Writing JavaScript Today - Beginner JavaScript Course,100,9067,41,3.0,0.45218925774787694
HTML5 Essentials for Beginners,20,10247,200,1.5,1.9517907680296671
Code a personal splash page in 1 hour,20,10610,83,1.0,0.7822808671065032
Step-by-step HTML and CSS for Absolute Beginners,120,6162,324,4.0,5.258033106134373
Angular 4 Development Decoded,20,1802,13,1.0,0.7214206437291898
Javascript ES6! A Complete Reference Guide to Javascript ES6,175,4783,41,7.0,0.857202592515158
Reactive JS:  Are you ready for the next big paradigm shift?,60,2097,401,5.5,19.122556032427276
Learn Python and Django: Payment Processing,70,17714,198,3.5,1.117759963870385
Code your first Website using HTML & CSS: Project Learning,20,9554,368,1.5,3.8517898262507853
"React.js: Building Production Ready Apps, Start to Finish",50,1129,137,17.5,12.134632418069087
Learn Object Oriented Programming PHP fundamentals bootcamp,100,22213,142,1.0,0.6392652950974654
Javascript Intermediate level 2 - Mastering Functions,100,2412,116,2.5,4.809286898839138
1 Hour CSS,100,18324,333,1.0,1.8172888015717092
"Become a Full Stack Developer with Spring, AWS and Stripe",75,1696,193,10.0,11.379716981132075
Complete JQuery And JQuery UI Course For Beginner,80,7169,277,1.0,3.8638582786999582
Learn JavaScript for Web Development,75,12893,220,8.5,1.706352284185217
"Complete AJAX Using Bootstrap, PHP From Basic To Advanced.",195,4708,111,2.5,2.3576890399320307
Complete Wordpress Theme Development Course,150,1050,223,6.5,21.23809523809524
How to Optimise Your WordPress Website's Speed & Security to Improve SEO & User Experience,125,7852,46,3.5,0.5858380030565461
Build A Web App With Spring Framework and Angular 2,145,1683,340,8.0,20.2020202020202
Projects in Laravel: Learn Laravel Building 10 Projects,50,119,6,10.5,5.042016806722689
Javascript Intermediate level 3 - JSON,100,1735,76,2.5,4.380403458213256
Develop Your First App in an Hour,20,3699,201,1.0,5.43390105433901
PHP: Ultimate guide to PHP for everyone,115,10103,75,1.5,0.7423537563100069
JavaScript DOM Dynamic Web interactive content Boot Camp,75,7380,43,2.5,0.5826558265582655
"Master JavaScript Programming, 3 Projects Included !!",20,3903,53,10.5,1.357929797591596
HTML CSS Learn to create a website from scratch,50,4892,49,2.0,1.0016353229762878
Complete Codeigniter: From Beginner to Advanced,200,2786,31,3.0,1.1127063890882987
HTML 5: How I made websites in HTML5,135,15064,237,1.5,1.573287307488051
"Build Responsive Website Using HTML5, CSS3, JS And Bootstrap",95,22623,783,8.0,3.4610794324360166
Complete React JS web developer with ES6 - Build 10 projects,200,952,121,12.0,12.710084033613445
Complete WordPress Theme Developer Course With Bootstrap,150,3415,312,25.0,9.136163982430453
The Complete Ethical Hacking Course 2.0: Python & Kali Linux,195,7827,268,11.0,3.4240449725309827
Dynamic JavaScript Master Class AJAX JSON Simple APIs,200,9773,117,4.5,1.1971758927657834
Vue JS - Mastering Web Apps,80,13457,215,4.5,1.597681504049937
Angular NgRx Store Masterclass - Covers Angular 4,150,1399,212,8.5,15.153681200857754
JavaScript the Basics - JavaScript for Beginners,120,4028,674,9.0,16.73286991062562
"Complete E-Commerce Course - Java,Spring,Hibernate and MySQL",195,1371,165,20.0,12.035010940919037
"Learn SVG Animation - With HTML, CSS & Javascript",65,12953,680,1.5,5.249749092874238
"Build a Responsive Website with HTML5, CSS3 and Bootstrap 4",20,5125,395,7.0,7.7073170731707314
Learn Web Designing & HTML5/CSS3 Essentials in 4-Hours,75,43285,525,4.0,1.212891301836664
CSS Development (with CSS3!),20,25864,188,5.0,0.7268790596968759
Angular 2 & TypeScript Beginner Web Development,200,5211,414,19.5,7.9447322970639025
The Docker for DevOps course: From development to production,25,8234,1111,7.5,13.492834588292446
"Beginner Full Stack Web Development: HTML, CSS, React & Node",200,2687,331,25.5,12.318570896911053
Learn Angular 2 Development By Building 12 Apps,50,5143,941,12.0,18.29671398016722
"Server API Development in Swift, Kitura, & Bluemix",200,1827,129,20.5,7.060755336617405
React VR - Creating Virtual Reality Apps,80,5026,72,3.0,1.432550736171906
RxJs & Reactive Programming Angular Masterclass - Angular 4,150,1301,179,7.5,13.758647194465794
"Coding for Entrepreneurs: Learn Python, Django, and More.",195,23412,799,45.0,3.4127797710575773
React and Flux Web Development for Beginners,100,8691,836,11.0,9.619146243240133
The Full Stack Web Development,60,3119,453,33.0,14.523885860852836
Learn Nodejs by building 12 projects,50,10150,997,16.0,9.822660098522167
How to Make an Online Portfolio Website from Scratch ,Free,14026,232,1.0,1.6540710109796093
How To Make A Web Page With No Code,Free,2214,20,2.0,0.9033423667570009
Spring Framework 4 And Dependency Injection For Beginners,Free,21147,1220,1.5,5.7691398307088475
Joomla 3 - The Basics,Free,19909,411,3.0,2.064392988095836
jQuery in Action: Build 8 jQuery Projects,100,1385,89,11.0,6.425992779783393
Master WordPress Plugins: Shortcodes Ultimate - The Basics,Free,10780,110,1.0,1.0204081632653061
ASP.NET C# - Enterprise Web Systems From Novice to Expert,20,604,8,3.5,1.3245033112582782
Wordpress - Create an Outstanding Website in 2 hours,30,1772,13,2.5,0.7336343115124153
Complete Website & CMS in PHP & MySQL From Scratch!,20,3357,82,12.5,2.4426571343461423
The Complete Web Development Tutorial Using React and Redux,40,796,43,4.0,5.402010050251256
Create and Deploy a Web App in 3 Hours,50,4123,23,3.5,0.5578462284744118
HTML & CSS From Scratch in 30 Days,75,2697,64,11.5,2.3730070448646643
Getting Started with Craft CMS,20,997,31,2.0,3.1093279839518555
JavaScript For Absolute Beginners - Level One,65,713,80,1.5,11.220196353436185
Effective Personal Website Building and Hosting,20,4259,0,1.0,0.0
Web Design for Web Developers: Build Beautiful Websites!,Free,98867,6512,3.0,6.586626477995691
"Learn Rails: Quickly Code, Style and Launch 4 Web Apps",200,1849,21,3.0,1.1357490535424553
Getting Started with NodeJS for Beginners,195,1645,75,1.0,4.5592705167173255
Quickstart AngularJS,Free,64128,4047,1.5,6.3108158682634725
Byte-Sized-Chunks: Cascading Style Sheets (CSS) with HTML,20,2160,16,4.0,0.7407407407407408
Learn Building Your Own Website Without Coding,50,7660,7,2.0,0.09138381201044386
Practical Guide to Web Development,20,2025,16,2.0,0.7901234567901235
The Complete HTML5 and CSS3 Course,40,1548,30,15.0,1.937984496124031
HTML & CSS for beginners: Build 3 projects from scratch,40,2472,139,4.0,5.622977346278317
Code a 'Coming Soon' Landing Page in Bootstrap 4,Free,13535,473,1.5,3.494643516808275
Introduction to Bootstrap 3,20,5795,79,2.5,1.363244176013805
Master ExpressJS to Build Web Apps with NodeJS&JavaScript,50,2643,56,3.5,2.118804388951949
Learn XML Crash Course: Discover Essential XML Fundamentals ,50,3704,111,2.0,2.9967602591792657
HTML5 CSS3 JQUERY Single Page Website Project from Scratch,120,1678,34,2.5,2.026221692491061
Scrape Websites using PhantomJS and CasperJS,195,960,110,2.0,11.458333333333332
Amazon s3 Mastery - THE How-To' Guides For Amazon S3,95,1811,118,3.5,6.515737161789067
HTML and CSS Crash Course for Beginners,50,4123,46,4.5,1.1156924569488236
EMMET Faster HTML & CSS workflow - Best Tool For Developers ,Free,26697,1097,1.0,4.109075926134023
Introduction to Web Development,50,5921,35,4.5,0.5911163654788043
AngularJS For ASP.NET MVC Developers,50,3011,57,1.0,1.8930587844569908
Serverless Workflow Management with AWS Step Functions,Free,8768,173,1.0,1.9730839416058392
How to set up a Web Server From Scratch to One Fully Managed,200,1673,31,3.0,1.852958756724447
The Complete PHP MySQL Professional Course with 5 Projects,200,16158,159,19.5,0.9840326773115484
Angular Masterclass,150,4057,359,6.5,8.848903130391914
Become a Professional Web Developer | Version 3.0,200,6851,276,60.0,4.0286089621953
Build Incredible Chatbots,100,2234,253,11.5,11.324977618621308
Try Django 1.10 | Create a URL Shortening Service,50,9607,78,5.5,0.8119079837618403
Projects in CSS,60,4689,216,10.0,4.606525911708253
Ruby on Rails: Training and Skills to Build Web Applications,95,9375,219,7.0,2.336
Learn and Understand React,30,4848,105,16.5,2.1658415841584158
Learn Javascript & JQuery From Scratch,30,84897,2685,2.0,3.1626559242376056
Learn to use JSON,150,12838,96,1.5,0.747780028041751
The Ultimate Web Developer How To Guide,200,24861,423,22.5,1.701460118257512
"Build A Complete CRUD Application With PHP, MYSQL & JQUERY",20,9762,94,13.5,0.9629174349518541
jQuery Crash Course: Learn the Essentials of jQuery Fast,50,11262,142,2.0,1.2608772864500088
Drupal Tutorial : Drupal 8 Beginner to Expert in 8 PROJECTS,200,1270,16,7.0,1.2598425196850394
The Complete PHP CodeIgniter Course: Beginner To Advanced,195,17895,212,4.0,1.1846884604638168
JavaScript For Beginners : Learn JavaScript From Scratch,195,11285,102,5.5,0.9038546743464776
"Mastering 'Native CSS Shapes To Build Modern Web Pages""",195,1040,5,3.5,0.4807692307692308
WordPress Development For Beginners,95,23572,210,2.0,0.8908874936365179
WordPress local server setup and site migration online,55,3801,43,1.0,1.1312812417784792
PHP Fundamentals - Start Earning The Top Dollars You Deserve,195,12068,81,1.5,0.6711965528670866
Interactive Dynamic JavaScript for beginners DOM,200,5559,35,2.0,0.6296096420219464
Javascript Intermediate level 1 - Mastering the DOM,100,1838,169,3.0,9.194776931447226
Sublime Text for Rapid Web Development,20,2104,69,1.0,3.279467680608365
Servlets and JSPs Tutorial: Learn Web Applications With Java,35,15187,970,10.0,6.38704154869296
Projects in PHP and MySQL,60,10606,570,23.0,5.374316424665284
PHP OOP: Object Oriented Programming for beginners + Project,200,6497,901,18.0,13.867939048791749
React Redux React-Router: From Beginner to Paid Professional,20,11536,876,6.5,7.593619972260749
Django Core | A Reference Guide to Core Django Concepts,195,16282,303,18.5,1.860950743151947
"Angular 2 Complete E-Commerce App Course - Java,Spring,MySQL",195,949,129,20.5,13.593256059009484
"Build An Online Bank With Java, Angular 2, Spring and More",195,1995,286,6.5,14.335839598997493
The Complete jQuery Course: From Beginner To Advanced!,195,6636,302,6.0,4.550934297769741
Projects in AngularJS - Learn by building 10 Projects,40,7146,629,14.5,8.802127064091799
The Ultimate Vue JS 2 Developers Course,195,1703,292,13.0,17.146212566059894
React JS - Build real world JS apps & deploy on cloud,175,12815,262,8.5,2.0444791260241906
Angular 4 Front To Back,40,44,0,8.5,0.0
"Modern Web Development with SASS, Gulp, NPM & Web Workflows",95,502,62,5.0,12.350597609561753
"HTML5, CSS3 And JavaScript Fundamentals 2016",115,627,125,1.0,19.936204146730464
"Angular 4 - Concepts, Code and Collective Wisdom",50,851,164,4.5,19.27144535840188
Learn E-Commerce Website in PHP & MySQL From Scratch!,Free,29990,1342,17.5,4.474824941647216
JavaScript Game Development: Create Your Own Breakout Game,Free,10179,314,1.5,3.0847823951272226
HTML and HTML5 For Beginners 2016,200,563,178,3.0,31.616341030195382
A Very Complete Introduction To Laravel,20,2320,114,6.0,4.913793103448276
"Learn to code, Become a Web Developer and Master JavaScript!",200,2353,47,10.0,1.997450063748406
Serverless Architecture on Amazon Web Services,Free,13210,978,33.0,7.403482210446631
jQuery Essentials: Learn the Fundamental of jQuery,20,1004,43,3.5,4.282868525896414
Expert Guide : Mastering Functions in JavaScript !,195,3015,30,2.5,0.9950248756218906
Learn Angular 4 from Scratch,Free,8693,522,1.5,6.004831473599448
Discover HTML Essential guide to HTML how to create webpages,85,8711,44,1.5,0.5051084835265756
HTML5 and CSS3 for beginners: Create a Website from Scratch,200,9945,101,2.0,1.0155857214680744
Introduction to Web Development,20,18143,159,2.0,0.8763710521964394
jQuery Fundamentals Powerful Bootcamp for beginners,150,13882,63,3.0,0.4538250972482351
The Complete HTML & CSS Course - From Novice To Professional,195,57422,874,7.5,1.5220647138727317
JavaScript Basics Web Development Building Blocks,95,10179,68,1.5,0.6680420473523921
Bootstrap unleash the power faster & easier web development,150,18101,88,5.5,0.48616098558090715
JavaScript Design Patterns: 20 Patterns for Expert Code,95,2789,243,3.5,8.712800286841162
Fix Google's New 'Not Secure' Warning with Let's Encrypt!,95,1437,24,1.0,1.6701461377870561
JavaScript for Beginners Welcome to learning JavaScript,50,10864,63,2.0,0.5798969072164949
Benefits of Thinking Mobile First Future of Website Design,75,14254,27,1.5,0.18942051354005893
Javascript from Beginner to Advanced Level,195,6134,160,6.5,2.6084121291164006
AJAX Development,20,7867,147,3.0,1.8685648913181645
Interaction Design Specialist For Web Developers,95,8594,37,2.0,0.43053292995112863
PHP Security,50,1892,147,2.5,7.76955602536998
The Bubble Course - Create Complete Web Apps without Coding,30,3960,220,4.5,5.555555555555555
The Complete HTML5 & CSS3 Course Build Professional Websites,195,10518,129,4.5,1.226468910439247
CSS Web Development Crash Course,20,10008,53,2.5,0.5295763389288569
Mastering DevOps,100,1023,118,6.0,11.534701857282501
Building Websites Create a fully functional Web contact form,200,3392,29,1.5,0.8549528301886792
Create a Dynamic User Registration Form from scratch,100,7213,50,3.0,0.6931928462498267
A 13 Hour SQL Server 2014 /ASP.NET/CSS/C#/jQuery Course,35,4183,231,14.0,5.522352378675591
HTML Workshop,20,25854,306,2.0,1.1835692736133674
Python for Beginners: Python Programming Language | Tutorial,150,6153,125,5.0,2.0315293352836017
Creating Animations using HTML5 Canvas,25,4010,17,1.0,0.4239401496259352
Bootstrap 4: Exploring New Features,75,5022,38,1.0,0.7566706491437674
Bootstrap 3 -> Profitable WordPress Theme Development!,40,5547,80,3.5,1.442221020371372
Intro to Git,20,2532,291,1.0,11.492890995260662
WordPress Domination #2: Leads & Scarcity,95,2362,4,1.0,0.1693480101608806
Learn How to Manage & Customize  Web Sites By Drupal CMS,140,7741,9,2.5,0.11626404857253585
Using Modern JavaScript Today,50,1658,185,16.5,11.158021712907116
Up and Running with jQuery,Free,3324,138,5.0,4.1516245487364625
Learn How To Build A Professional Web Site By Using Joomla,70,7184,22,4.0,0.3062360801781737
Power up HTML5 with JavaScript,100,4442,23,2.0,0.5177847816298964
Node Package Manager Course: Build and Publish NPM Modules,30,7196,8,6.5,0.11117287381878821
WordPress Look and Feel with Themes,25,2371,10,1.0,0.42176296921130324
PHP with Laravel for beginners - Become a Master in Laravel,150,8496,1838,29.5,21.63370998116761
JavaScript 2017: Become Top Rated Web Developer,115,1346,330,3.0,24.51708766716196
The Complete Web Developer Bootcamp - Beginner to Expert,190,14103,1548,21.5,10.976388002552648
Full-Stack Web Apps with Meteor and React,85,3295,531,31.5,16.115326251896814
Angular 4: From Theory to Practice & FREE E-Book,200,4375,622,15.5,14.217142857142855
The Complete Sass & SCSS Course: From Beginner to Advanced,195,12021,660,4.0,5.490391814324931
Become a Certified Web Developer,100,26673,1090,12.0,4.086529449255802
Become a Web Developer from Scratch,120,69186,2408,27.5,3.4804729280490267
Ultimate Angular 4 (previously Angular 2) with Bootstrap 4,50,11384,1846,5.5,16.215741391426562
The Ultimate Beginner's Guide to Django,200,2390,497,9.0,20.794979079497907
React JS - Mastering Redux,100,7059,116,5.0,1.6432922510270576
Professional Ruby on Rails Developer with Rails 5,200,3179,214,20.5,6.731676627870399
"Ruby on Rails 5 - BDD, RSpec and Capybara",200,1870,193,14.5,10.320855614973262
Back to School Web Development and Programming Bundle,200,18170,117,44.5,0.6439185470555862
Complete ASP NET MVC Web Development - Newbie to Ninja!,195,6073,627,9.0,10.324386629342994
The Complete DevOps Engineer Course 2.0 - Java & Kubernetes,195,5335,105,14.0,1.9681349578256795
All about NodeJS,50,8755,931,15.5,10.633923472301541
How To Create A Wordpress Website 2016 | NEW Divi Theme 3.0!,40,4144,383,5.5,9.242277992277991
The Complete jQuery Course - From Beginner to Professional!,200,6420,134,22.5,2.087227414330218
Build a complete Fiverr clone with Node + Algolia + Paypal,30,1741,26,9.0,1.4933946008041357
The Ultimate Web Development Course,50,9881,329,12.0,3.3296225078433355
React From The Ground Up,150,3252,401,12.5,12.330873308733088
Javascript for Beginners Learn by Doing Practical Exercises,100,5089,685,3.5,13.46040479465514
8 Beautiful Ruby on Rails Apps in 30 Days & TDD - Immersive ,100,5962,466,16.0,7.816169070781617
Wordpress Website Mastery 2017,Free,5181,64,2.5,1.2352827639451842
How To Make an eCommerce Website With Wordpress 2017,Free,3493,43,4.5,1.2310334955625537
Mastering ASP.NET MVC 5 From Scratch Using C#,50,417,65,13.0,15.587529976019185
Start Web Development with GIS Map in JavaScript,60,1599,26,3.0,1.6260162601626018
Learn to Build Websites using Twitter Bootstrap,Free,15134,523,2.5,3.455794898903132
Web Development Tools the Pros Use: Code Productivity Hacks,30,2596,11,4.0,0.423728813559322
WordPress : An Overview,45,1783,16,36.0,0.89736399326977
Create Startup Landing Page with Viral Marketing Strategies,Free,12974,120,1.0,0.9249267766301835
JavaScript : JavaScript Awesomeness,25,785,20,1.0,2.547770700636943
Mastering CSS 3.0 Selectors,Free,4115,63,2.0,1.5309842041312272
WordPress Backup And Restore Fundamentals,Free,13242,131,1.0,0.9892765443286513
Learn HTML and CSS to make a Website,20,1154,12,6.0,1.0398613518197575
1 Hour HTML,200,16212,514,1.0,3.170490994325191
Angular 2 Crash Course with TypeScript,100,16409,589,4.0,3.5894935706014994
Boost your website speed without any coding!,50,1337,28,1.0,2.094240837696335
Professional Rails Code Along,40,1469,237,19.0,16.133424098025866
ASP.NET Web API 2 Hands-On,20,2660,276,1.5,10.37593984962406
Create a MEAN App by Example - Full Stack Course,50,421,26,3.5,6.175771971496437
The Original Complete Web Developer Course.,20,31070,742,18.0,2.3881557772771163
Angular 2 From The Ground Up,30,1737,471,11.5,27.11571675302245
Complete Web Development Course + Building 5 Websites!,200,11492,174,24.5,1.5140967629655413
WP Plugin Development - Build your own plugin!,200,5439,22,4.0,0.40448611877183305
Sass: From Beginner to Advanced,40,8059,231,2.0,2.8663605906440006
Build Flat Responsive Website from Scratch - Complete Course,35,12105,144,7.5,1.1895910780669146
Wordpress for Beginners - Build a Live Website from Scratch,20,3877,92,1.5,2.3729687903017798
"Essential JavaScript, jQuery and AngularJS Training",30,2919,136,7.0,4.659129838985955
The Pro Ruby on Rails Starter,45,2409,90,2.5,3.7359900373599
Unit Testing AngularJS: Build Bugfree Apps That Always Work!,25,2083,213,2.5,10.225636101776283
WordPress Blog : Create a WordPress Website for Beginners,20,2076,8,2.0,0.3853564547206166
Introduction to HTML5 Canvas basics of drawing,200,2918,16,1.0,0.5483207676490748
"Thoughtful Web Development Course: HTML, Vue.js, PHP, MySQL",200,842,144,25.0,17.102137767220903
Kids Coding - Beginners CSS,100,7130,30,1.0,0.42075736325385693
PHP & MySQL - Learn The Easy Way. Master PHP & MySQL Quickly,50,5549,92,15.5,1.6579563885384754
Learning Path: Magento: Master and Test Magento 2 with Ease,200,155,9,6.0,5.806451612903226
The Complete hapiJS Course - Go From Beginner To Advanced!,195,1697,64,6.0,3.7713612256923983
Ruby On Rails For Web Development,195,2526,185,5.0,7.323832145684878
Create eye-catching WordPress website from scratch,30,2342,15,4.5,0.6404782237403929
Become A Web Developer And Seller - Build Websites With HTML,200,21730,61,2.5,0.2807179015186378
WordPress Tips and Tricks,200,1117,10,2.5,0.8952551477170994
HTML Tutorials : HTML Code for Website Creating,20,2401,15,3.0,0.6247396917950854
Complete HTML5 and CSS3 Course +1 Start to Finish Project,200,3887,81,8.5,2.0838693079495756
Web Development With HTML CSS BOOTSTRAP JQUERY for Beginners,35,1156,4,5.0,0.34602076124567477
HTML5 Specialist: Comprehensive HTML5 Training,100,1385,188,5.0,13.574007220216608
CSS and CSS3 For Absolute Beginners,75,10890,212,5.0,1.9467401285583104
Build a Complete JQuery Plugin (Image Pop-up Dialog),20,1126,10,1.0,0.8880994671403196
How to create HTML Forms,30,3652,60,40.0,1.642935377875137
ReactJS and Flux: Learn By Building 10 Projects,60,1723,258,11.0,14.973882762623331
How To Make A Business Website In 1 Day With Wix FAST & EASY,20,3759,24,4.0,0.6384676775738228
PHP Date and Time Course by Edwin Diaz,40,1653,53,1.5,3.2062915910465817
Start Your Own Forum Website in 15 Minutes ,40,5387,38,1.0,0.7054018934471877
Hit the ground running with AngularJS with Dion Yang,100,4563,49,1.5,1.0738549200087661
Learn CSS Transition and Animation ,100,3757,28,1.0,0.7452754857599149
Learn JavaScript from scratch,20,4193,92,2.5,2.194133078941092
WordPress for Beginners - Tutorial - From Novice to Know-How,20,3694,48,4.0,1.2994044396318354
RESTful API with Laravel,45,1905,228,6.0,11.968503937007874
Learn Ruby on Rails for Absolute Beginners,195,2875,20,4.5,0.6956521739130435
JavaScript Tutorial,180,613,93,4.5,15.171288743882544
Shopping Cart Website from Scratch Ecommerce,200,633,39,4.0,6.161137440758294
Learn By Example: Angular JS,50,1515,32,7.0,2.112211221122112
The Complete front end web developer Bootcamp - 14 projects,200,900,129,18.5,14.333333333333334
WordPress LMS: E-Learning Website Made Easy,20,2382,22,1.5,0.9235936188077246
Create An HTML5 Video Player From Scratch,Free,32260,1005,1.5,3.115313081215127
In Depth Web Development Made Easy,25,3249,27,6.5,0.8310249307479225
Jquery :basics for beginners,50,1274,34,40.0,2.6687598116169546
Web Development By Doing: HTML / CSS From Scratch,Free,72932,2575,1.0,3.530686118576208
Build Your First Website in 1 Week with HTML5 and CSS3,Free,120291,5924,3.0,4.92472421045631
"ASP.NET Core MVC, Quick and Practical",20,387,5,2.5,1.2919896640826873
Better way towards CSS using Less and Sass,20,2227,44,1.5,1.9757521329142345
JavaScript Complete for beginners with real world Apps,120,2652,33,3.5,1.244343891402715
Creating a Responsive HTML Email,20,2520,183,1.5,7.261904761904763
Angular 2 Demystified,20,3150,69,3.5,2.1904761904761907
Learn HTML Fast and Easy!,20,4011,24,1.5,0.5983545250560958
How To Setup a Micro-Blog in 3 Easy Steps,25,6937,22,1.0,0.3171399740521839
Ruby on Rails for Complete Beginners,35,4839,129,4.0,2.6658400495970245
Wordpress for Non-Technical People,150,2346,10,4.5,0.4262574595055414
ASP NET CORE - ANGULAR 2 E-Commerce App,200,897,129,13.0,14.381270903010032
Introductory JavaScript Made Easy Training Tutorial,20,9381,138,11.0,1.4710585225455708
Become a Heroku Rails Ninja: Expert Level Deployment Tools,50,7090,52,8.5,0.7334273624823695
Complete RESPONSIVE Website Design with HTML5 & CSS3,20,2204,6,9.0,0.27223230490018147
Pimcore Developer: Implement a Blog from a Bootstrap Theme,95,1212,15,4.5,1.2376237623762376
Inspirational Web Development - A Beginner Approach -,20,5328,47,3.5,0.8821321321321322
"Learn HTML, A practical guide from scratch to HTML 5",100,5715,52,3.0,0.9098862642169728
JavaScript Tutorial: Learn JavaScript Code for Beginners,20,2074,14,1.5,0.6750241080038573
Website Secrets: Get a Gorgeous Website on the Cheap,50,12328,15,2.0,0.12167423750811161
Ultimate WordPress Plugin Course,100,4537,415,9.0,9.147013445007714
PHP for Beginners: How to Build an E-Commerce Store,100,5117,463,14.5,9.048270470979089
"Build Realtime Apps | React Js, Golang & RethinkDB",60,3854,482,3.0,12.506486766995328
"Master Electron: Desktop Apps using HTML, JavaScript & CSS",165,1902,224,5.5,11.77707676130389
The Complete Web Developer Masterclass: Beginner To Advanced,195,37141,1813,51.0,4.881397916049648
Mastering Micro Services Using Java Spring Boot,195,1649,34,2.0,2.0618556701030926
How to Create A Website: An HTML Tutorial and CSS Tutorial,65,3012,260,32.5,8.632138114209829
The Advanced Web Developer Course,100,6890,99,10.5,1.4368650217706822
Projects in MongoDB - Learn MongoDB Building Projects,50,4628,247,12.0,5.337078651685393
Learning JavaScript Programming Tutorial. A Definitive Guide,50,17113,380,9.5,2.220534096885409
"The Complete JavaScript, HTML and CSS Tutorial For Beginners",35,244,44,3.0,18.0327868852459
"Build Modern Responsive Website With HTML5, CSS3 & Bootstrap",195,1472,210,13.0,14.266304347826086
The Complete JavaScript Course For Web Development Beginners,195,31499,450,4.0,1.4286167814851265
Email Marketing: Send Unlimited Emails via Own Mail Server,35,3539,43,1.0,1.2150324950551004
Getting started with JavaScript,200,1415,17,1.5,1.2014134275618376
Learn the basics of the Web development: Coding Tactics,40,2965,17,2.0,0.5733558178752108
RESTful API with Laravel 5.4: Definitive Guide,145,655,95,12.5,14.50381679389313
Learn AngularJS Step By Step,20,18777,1112,1.5,5.922138786813655
Learn React : The World's Most Lucrative JavaScript Library,50,1591,99,9.5,6.222501571338781
Master Regular Expressions from scratch - All languages,70,1925,27,2.0,1.4025974025974026
Try AngularJS: Beginner's Guide to Front End Web Development,50,16926,126,4.5,0.7444168734491315
JavaScript Step by Step how to apply it to your web pages,100,13406,78,1.5,0.5818290317768163
Explore JavaScript Beginners Guide to Coding JavaScript,200,5739,26,2.5,0.45304059940756225
Learn Web Scraping with Node.js,75,16731,137,1.0,0.8188392803777419
Getting Started with WordPress 2016,20,1613,21,1.0,1.301921884686919
Learn HTML5 Programming From Scratch,Free,268923,8629,10.5,3.2087251741204734
Getting Started with LESS - Beginner Crash Course,25,1780,69,1.5,3.876404494382023
Master ECMAScript 2015 (ES6),Free,7438,441,2.5,5.929013175584834
Learn to Setup Websites from Scratch,Free,21087,154,3.5,0.7303077725612936
Create Fast RESTful APIs with Lumen and Homestead by Laravel,60,1157,105,3.0,9.075194468452894
"Build Modern Websites Quick With HTML,CSS and Bootstrap",20,912,17,4.5,1.8640350877192982
Twitter Integration customize Tweets with developer API,115,2039,7,1.0,0.34330554193231977
Build a Responsive Website with a Modern Flat Design,Free,16527,354,2.0,2.1419495371210746
The Ultimate WordPress Boot Camp: Build 7 Websites,125,1000,74,11.0,7.3999999999999995
Master the Basics of HTML5 & CSS3: Beginner Web Development,Free,26541,750,3.0,2.8258166610150335
Become A Full Stack Web Developer in 14 Days,195,467,20,13.5,4.282655246252676
Projects In ReactJS - The Complete React Learning Course,50,947,108,8.0,11.40443505807814
Beginning Web development Learn the basics of HTML,95,9832,71,2.0,0.7221318144833198
Step by Step Build Your Template by Bootstrap 4 from scratch,80,2184,15,3.0,0.6868131868131868
Hosting your static website on Amazon AWS S3 service,20,2853,47,1.5,1.6473887136347702
JavaScript Rockstar How to create Incredible Useful code,75,16590,51,2.5,0.3074141048824593
Spring Core DevOps on AWS,100,1626,115,6.5,7.072570725707257
How to Create a Website Without Coding - WordPress 2016,195,9056,96,1.5,1.0600706713780919
PHP Graphic Techniques: CAPTCHA/ Create a verification code,20,8320,73,43.0,0.8774038461538461
Introductory To HTML and CSS,50,4106,112,1.0,2.7277155382367266
Learn how to convert PSD to HTML and CSS responsive,30,5324,52,2.5,0.9767092411720512
PHP User Login Registration Script With All Features,200,5603,46,4.0,0.8209887560235588
AJAX : Let's build a COOL project,70,4183,292,3.5,6.980635907243606
Advanced WordPress Topics: Post Types Taxonomies & Metaboxes,95,301,44,7.5,14.61794019933555
Laravel Homestead,Free,3883,110,1.0,2.8328611898017
The Complete TypeScript Programming Guide for Web Developers,40,236,31,4.0,13.135593220338984
JavaScript with BackboneJS and Bootstrap CSS - Advanced,25,1758,37,3.5,2.1046643913538112
Ruby on Rails Tutorial: Learn 6 Ruby on Rails SEO Techniques,200,1266,16,2.0,1.263823064770932
XML DOM :basics for beginners,35,920,1,42.0,0.10869565217391304
Learn HTML Basics From Scratch,Free,5004,52,3.0,1.0391686650679457
Byte-Sized-Chunks: Dynamic Prototypes in Javascript,20,880,6,3.0,0.6818181818181818
Build Websites from Scratch with Squarespace,50,342,53,3.5,15.497076023391813
Introduction to web programming for GIS applications,100,205,38,13.5,18.536585365853657
Java Spring Security,40,527,63,2.5,11.954459203036052
Responsive Html5 Theme Development,20,1517,4,1.0,0.26367831245880025
What’s New in Bootstrap 4,20,130,14,37.0,10.76923076923077
ReactJS Course: Learn JavaScript Library Used by Facebook&IG,50,1018,33,3.0,3.2416502946954813
Building a Ruby on Rails Application with Neo4j,Free,4830,38,32.0,0.7867494824016562
Sara Learns to Code.  Making an App from Scratch,60,402,20,4.0,4.975124378109453
Ajax  for Beginners: A Very Basic Introduction,65,755,5,2.0,0.6622516556291391
Wordpress Essentials: Useful Plugins,25,1087,7,1.0,0.6439742410303588
Django by Example,125,170,21,9.0,12.352941176470589
Build A Great Wordpress Website For Your Business in 2 Hours,35,1054,4,2.0,0.3795066413662239
Wordpress on AWS: The Easy way to AWS for Free Fast hosting ,40,245,23,1.0,9.387755102040817
Mastering TypeScript,95,353,34,3.0,9.631728045325778
Mastering AngularJS UI Development,95,464,26,1.5,5.603448275862069
Custom Theme Creation for WordPress using HTML5 and CSS3,35,298,20,1.5,6.7114093959731544
Create a PHP Contact Form in Bootstrap,20,2238,65,1.0,2.9043789097408403
Introduction To Data Analytics Using Microsoft Power BI,45,1764,33,1.5,1.870748299319728
HTML Made Simple For Beginners: Create a One Page Website,65,3380,50,2.0,1.4792899408284024
The Complete Web Developer Masterclass: Beginner To Advanced,20,1030,11,2.5,1.0679611650485437
Website Builder Software Previews,25,1406,12,1.0,0.8534850640113799
Learn How to Create Your Own Social Network,50,4732,5,2.0,0.10566356720202875
"Learn By Example: The Foundations of HTML, CSS & Javascript",50,1724,72,13.0,4.176334106728538
JavaScript manipulation of the DOM Document Object Model,20,1618,46,1.5,2.843016069221261
Create Jekyll blog and host it on Github like a Ninja,20,5056,74,2.0,1.4636075949367089
Learn React JS from scratch,115,1562,42,4.0,2.6888604353393086
Web Security: Common Vulnerabilities And Their Mitigation,50,1547,30,8.0,1.9392372333548804
PHP for Beginners,40,2626,95,6.0,3.6176694592536176
Make a professional website - 30 Day Guarantee. Discounted!,20,11167,34,2.0,0.30446852332766183
Symfony 3: Build a PHP Application with Symfony,20,466,11,2.0,2.3605150214592276
Learn ASP.Net Web API 2 for Absolute Beginner,30,1355,14,3.5,1.033210332103321
Build a Website in 30 Minutes,95,5065,40,32.0,0.7897334649555774
Google Blogger : How to Create a Blog,20,1763,17,2.0,0.9642654566080544
How to Make a Website Without Coding- WordPress & Web Skills,30,6413,107,9.0,1.6684858880399187
Learn WCF And Web APIs From Scratch,50,5398,358,10.5,6.632085957762134
How To Build A Website From Scratch + Blogging Blueprint,20,7017,37,3.5,0.5272908650420407
Learn To Create Different Website Layouts & Media Queries ,195,6510,45,2.0,0.6912442396313364
Build Sign Up and Login Forms With Bootstrap Modal,20,1898,19,4.0,1.0010537407797682
"Build a Real Time web app in node.js , Angular.js, mongoDB",20,3299,166,4.0,5.031827826614125
Superb jQuery Course - Become Certified jQuery Developer,95,817,6,1.5,0.7343941248470013
How To Build A Facebook Messenger Chat Bot From Scratch,120,1798,20,1.5,1.1123470522803114
"Build Your Own Calculator App with Javascript, HTML5 & CSS",50,3688,49,1.0,1.3286334056399132
The Complete WordPress Development & Customization Course,100,1611,165,12.5,10.242085661080075
HTML CSS Easy steps to create a web template from scratch,200,11574,78,1.0,0.673924313115604
Learn jQuery AJAX in 1 hour,195,2547,62,1.0,2.434236356497841
Develop Competitive Plugins for WordPress and WooCommerce,150,2063,18,1.0,0.872515753756665
Get Results - Core Principles of Web Development Tricks Tips,75,22355,54,1.5,0.24155669872511742
JSON Faster Sleeker & Easier Discover the benefits learn it,200,8577,69,1.5,0.8044770898915705
Get to know HTML Learn HTML Basics,200,10674,102,2.0,0.9555930297920181
Ultimate Css & JQuery Form Designing From Beginner to Expert,115,783,5,1.0,0.6385696040868455
PHP: Complete Registration and Login with Email Verification,20,12781,145,2.5,1.134496518269306
JavaScript from Beginner to Expert,125,5484,439,12.5,8.00510576221736
Build a website HTML5 CSS3 Beginner Course,150,7884,44,2.0,0.5580923389142567
Learn Ruby on Rails: Stripe Payment Processing,40,15724,33,1.5,0.20987026201984227
WordPress For Beginners | No Coding Required,20,3106,31,1.0,0.9980682549903412
jQuery For Beginners : A Basic Introduction,65,6293,165,1.0,2.6219609089464484
WordPress Plugins and Widgets,40,8711,29,1.0,0.3329124095970612
PHP Essential How to create build Amazing websites with PHP,75,8067,30,3.5,0.3718854592785422
HTML CSS JavaScript: Most popular ways to code HTML CSS JS,170,9332,172,3.5,1.8431204457779682
Bootstrap 3 Beginners: Create a Professional Landing Page,20,3271,278,2.5,8.498929990828492
Introduction to Node.js for Beginners,125,1367,17,6.0,1.2435991221653255
Introduction to Coding with Ruby,45,5077,126,3.5,2.4817805790821352
Complete PHP and MySql Course: From Beginner to Professional,200,6508,137,6.5,2.105101413644745
Angular JS Essentials,195,4687,99,4.0,2.11222530403243
How To Setup Web Hosting,Free,11758,242,1.0,2.0581731587004595
"Web Application Development using Redis, Express, and Socket",200,300,16,6.0,5.333333333333334
How to Start a WordPress Blog - Complete Beginners Guide!,Free,3784,85,2.0,2.2463002114164907
CSS3 Gradients for Web Designers,20,1209,9,1.5,0.7444168734491315
Learn ASP NET MVC 5 step by step,20,1428,91,3.0,6.372549019607843
Tumult Hype Pro Basics: HTML5 Animations Made Easier,50,716,32,4.0,4.4692737430167595
Web Hosting Set Up and WordPress Installation For Beginners,Free,12563,239,34.0,1.9024118443047042
Ruby on Rails 4---A Test-Driven Approach,100,1518,55,19.0,3.6231884057971016
AJAX :basics for beginners,35,1241,23,34.0,1.8533440773569703
Let's JavaScript!  Code a calculator,35,380,10,2.0,2.631578947368421
JavaScript from Beginner to Advanced,195,395,18,17.0,4.556962025316456
WordPress Theme Academy with Bootstrap,20,1169,110,7.5,9.409751924721984
Building a eCommerce Startup in 4 Hours [Livestream],50,1114,8,3.0,0.718132854578097
Responsive PHP Registration Form: From Scratch,95,5738,9,4.0,0.15684907633321715
A-Frame WebVR Programming Tutorial Series (Virtual Reality),40,6648,16,1.5,0.24067388688327318
Learn Bootstrap And Make Responsive Websites,25,1605,10,3.5,0.6230529595015576
HTML Web Development Crash Course,20,4848,33,1.5,0.6806930693069307
Bootstrap Basics: Program Responsive Websites,75,4743,393,3.0,8.285895003162555
Projects with JSON and APIs,20,1520,34,2.0,2.236842105263158
Web Design HTML CSS How to Create a Website from Scratch,50,3601,28,2.0,0.7775617883921133
"Create Complete Sign up System using PHP, jQuery and Ajax",200,4033,40,3.0,0.9918175055789735
Adobe Flash for Beginners - Build Flash Website From Scratch,200,17071,17,1.5,0.09958408997715425
Learn Complete WordPress for Building a Professional Sites,80,13708,92,9.0,0.6711409395973155
Devtools 2017: Beginner to Expert w/ Chrome Developer Tools,125,430,54,2.5,12.558139534883722
Bootstrap Essential Training - Create Your Very Own Website,20,2643,34,9.0,1.2864169504351117
Angular 2 Jump Start With Typescript,20,1731,90,4.0,5.1993067590987865
Learn Plugin Development in WordPress By Building  Projects,60,1313,121,11.0,9.215536938309215
"Build Your Startup with No Coding (Design, Develop & Ship)",30,775,245,8.0,31.61290322580645
The Web Developers Guide: Learn HTML & CSS Fundamentals,20,2243,27,7.0,1.2037449843958983
Learn PHP Programming for Absolute Beginners - Lite,20,2749,62,41.0,2.2553655874863585
Learn Drupal 8 - With a Live Project,55,2012,15,3.5,0.7455268389662028
Supreme NodeJS Course - For Beginners,200,1080,37,3.5,3.425925925925926
CSS3 for beginners,195,3831,15,1.5,0.39154267815191857
Javascript for beginners,75,2071,57,1.5,2.7522935779816518
Become a Bootstrap Expert: Build 20 Layouts!,35,2755,57,17.5,2.0689655172413794
PHP : Learn to upload files to Amazon S3 and use CloudFront,50,1216,36,3.0,2.9605263157894735
PHP MySQL: Learn PHP MySQL with Project,20,2314,77,2.0,3.327571305099395
How to Set Up a Self-Hosted Wordpress Website in 30 Minutes,Free,8770,261,32.0,2.976054732041049
Projects in Django and Python,60,1764,53,6.5,3.00453514739229
"Create, Update and Manage Your Own Website Using Drupal 7",120,2837,68,7.0,2.396898131829397
Learn HTML - The programming language to build a webpage!,25,1655,39,1.0,2.3564954682779455
Learn To Program JavaScript (in ten easy steps),75,2721,96,5.5,3.528114663726571
Bootstrap :basics for beginners,40,1152,20,1.0,1.7361111111111112
Introduction to CSS Development,Free,15493,415,2.0,2.6786290582843866
PHP :basics for beginners,45,1562,4,1.5,0.2560819462227913
Beginning Oracle WebLogic for Administrators,Free,9786,989,42.0,10.106274269364398
Build an HTML5 and CSS3 Website in 35 Minutes,20,1904,25,42.0,1.3130252100840336
Angular 2 Routing: Up And Running,Free,3357,84,37.0,2.5022341376228776
Advanced Prezi: Make Amazing Presentations ,30,2200,25,1.0,1.1363636363636365
1 hour jQuery,100,5456,133,1.0,2.437683284457478
The WpFASTER WordPress Speed Optimization Master Course,175,2134,215,7.0,10.074976569821931
How to Build Your Own Website with WordPress: A Step-by-Step Guide ,95,4675,15,6.0,0.32085561497326204
Build Apps with ReactJS: The Complete Course,40,1433,145,5.5,10.118632240055828
Learn SASS: from beginner to expert,20,1734,9,1.0,0.5190311418685121
The complete HTML5 course,20,3461,11,1.5,0.31782721756717713
Create a Responsive Website with Bootstrap 3,50,4076,39,3.0,0.9568204121687929
Lerning PHP by building website,185,567,63,8.0,11.11111111111111
Learn PHP Object Oriented Features with Simple Examples,20,1723,28,1.0,1.625072547881602
Crash Course - Learn to Create a PHP MVC Framework,50,1282,117,1.0,9.126365054602184
JSON :basics for beginners,45,2052,18,33.0,0.8771929824561403
CSSCasts; CSS libraries Plugins Tips & Tricks for Developers,200,1874,40,44.5,2.134471718249733
Complete Guide to Front-End Web Development and Design,200,1119,111,16.5,9.919571045576408
"Build Ajax Web Apps with Laravel 5.2, Bootstrap and jQuery",100,1023,131,5.0,12.805474095796676
Javascript for Beginners,20,3697,195,3.0,5.274546929943197
MongooseJS Essentials - Learn MongoDB for Node.js,Free,21682,1106,44.0,5.1010054423023705
Regular Expressions for Beginners - Universal,100,1975,141,3.0,7.139240506329115
Learn Redis from Scratch,40,553,84,3.0,15.18987341772152
WordPress Plugin Development -> Deep dive discovery!,40,2650,19,2.0,0.7169811320754716
Learn Ajax and jquery with PHP,20,2964,8,1.5,0.2699055330634278
Create a business website with WordPress,50,1624,31,4.0,1.9088669950738917
DesktopServer : Install WordPress Locally  - Work Anywhere!,65,1640,22,2.0,1.3414634146341464
Understand PHP Arrays and HTTP Request in a Better Way,35,1627,38,35.0,2.3355869698832206
Mastering CSS,95,1815,249,5.0,13.71900826446281
The Complete Wordpress Theme Development Guide,25,1011,2,2.0,0.19782393669634024
The Complete HMTL5 Course - Go From Beginner To Advanced!,95,2430,15,2.0,0.6172839506172839
Learn Jquery from Scratch 2-Hour Training ,20,5318,56,1.5,1.0530274539300488
How to Create a Wordpress Website from Scratch - No Coding,20,7018,28,3.0,0.39897406668566543
Learn PHP CodeIgniter Framework with AJAX and Bootstrap,75,1634,52,2.5,3.182374541003672
The Complete Guide to JavaScript Development,110,3590,36,14.0,1.0027855153203342
Basic HTML CSS and Web Design,30,4030,92,9.0,2.28287841191067
Build Professional WordPress Website,145,4020,95,3.5,2.36318407960199
Ultimate CSS3 Course - From Beginners To Professional,95,2635,25,2.0,0.9487666034155597
Code & Grow Rich:  Earn More As An Entrepreneur Or Developer,200,7211,52,57.0,0.7211205103314381
Learn by Example : ReactJS,50,1496,37,7.5,2.473262032085562
React.js Quickly: Developing Scalable Web User Interfaces,50,4447,76,4.0,1.70901731504385
JavaScript - Tricks and Workarounds,100,1410,134,5.0,9.50354609929078
Kids Coding - Beginner HTML,20,6628,53,1.0,0.7996378998189498
Learn PHP from scratch!!,25,1908,12,1.5,0.628930817610063
PHP with PDO - ULTIMATE Crash Course,50,1248,171,1.5,13.701923076923078
JavaScript for beginners with live examples,195,4587,46,4.0,1.0028340963592761
Bootstrap 3 Introduction : Create RESPONSIVE Websites Fast,50,2351,302,2.5,12.84559761803488
Laravel(5.2) PHP Framework  Jump Start for beginners,20,3898,95,3.0,2.4371472550025657
Professional WordPress Theme Development For 2017,20,3185,102,8.0,3.2025117739403455
Learn Laravel PHP Framework Building Multi User SEO Blog APP,100,557,92,9.5,16.517055655296232
Javascript Specialist,200,408,39,8.0,9.558823529411764
Write PHP Like a Pro: Build a PHP MVC Framework From Scratch,70,1703,435,3.0,25.54315913094539
JavaScript Intro to learning JavaScript web programming,20,17554,94,1.5,0.5354904864988037
Crash Course: Fundamentals Of HTML & CSS From Scratch.,20,7368,216,2.0,2.9315960912052117
"Laravel, the complete guide with real world projects",200,676,119,14.0,17.60355029585799
VueJS V1 Introduction to VueJS JavaScript Framework,200,3632,28,2.0,0.7709251101321586
HTML CSS: Essential steps to learn HTML CSS,145,10576,154,2.5,1.4561270801815431
Learn HTML 5 in 1 hour,100,11643,169,1.0,1.4515159323198488
Learn Html5 & CSS3 from scratch,20,13960,239,2.5,1.7120343839541547
Responsive Web Design: Made Easy,195,5085,106,6.5,2.084562438544739
Parse Server: From Front End to Full Stack,200,1130,162,6.0,14.33628318584071
Codeigniter: How to use Codeigniter that drives knowledge,150,14606,235,3.0,1.6089278378748457
jQuery for Beginners - Create Website Animations Easily,100,2971,285,3.0,9.592729720632784
How to Build Chat Bots: From Beginner to Intermediate,140,2814,107,2.0,3.802416488983653
Web Development with BootStrap - 16 Instant Themes Included!,40,1355,45,3.5,3.3210332103321036
Install a Wordpress Theme the Correct Way & Charge Others,20,2335,13,1.0,0.556745182012848
Coding for Entrepreneurs Basic,Free,161029,279,3.5,0.1732607170137056
The CSS and CSS3 Crash Course,150,2051,99,13.0,4.826913700633837
Build a Business or Personal Website Using Wordpress,200,1069,12,4.5,1.1225444340505144
Learn By Example: PHP For Dynamic Websites,50,1439,10,13.0,0.6949270326615705
Learn ReactJS: Code Like A Facebook Developer,20,1948,72,5.0,3.696098562628337
Learn to Build Web Apps using D3JS,40,841,99,3.5,11.771700356718192
How to create awesome website and e-commerce in 1 hour,20,937,4,1.0,0.42689434364994666
Joomla for Beginners - Learn how to build a website with CMS,95,583,7,3.5,1.2006861063464835
Learning Drupal 8,50,577,97,9.5,16.81109185441941
Learn How To Build a Web Application Without Coding,Free,9364,311,32.0,3.32123024348569
Rock Solid Wordpress Security - Secure Web Development,Free,5052,92,1.5,1.8210609659540775
Mastering JavaScript,95,694,39,4.0,5.619596541786744
PHP Laravel 5:Creating a CRUD application,45,511,12,33.0,2.3483365949119372
XQUERY :basics for beginners,40,937,2,38.0,0.21344717182497333
PHP Development with the Laravel Framework,50,1611,24,3.5,1.48975791433892
WordPress Development - Themes and Plugins Complete Guide,200,103,11,5.5,10.679611650485436
Basic JavaScript: Build 4 Basic JavaScript Projects,40,670,33,4.5,4.925373134328359
HTML and CSS for Beginning Web Developers,100,1606,28,9.0,1.7434620174346203
Popular JavaScript Framework:Learn The Language Of Angular 2,200,260,22,11.0,8.461538461538462
The Ultimate Guide to the Best WordPress Plugins Part 1,50,122,10,10.5,8.19672131147541
XSLT :basics for beginners,35,877,6,32.0,0.6841505131128849
The Complete Wordpress Plugin Development Course - 8 Plugins,200,1215,58,2.5,4.77366255144033
JSON Crash Course for Beginners,45,3323,90,38.0,2.708396027685826
You can create Incredible Websites with HTML CSS learn how,100,11892,50,2.5,0.4204507231752439
JavaScript Tricks how to create code projects from scratch,75,15106,31,1.5,0.20521647027671122
The Sass Course! Learn Sass for Real-World Websites,95,975,141,3.5,14.461538461538462
Web Design How to Create a Website HTML CSS Bootstrap,75,5263,29,2.0,0.5510165304959149
Master Angular 4 by Example - Build 7 Awesome Apps!,195,596,32,8.0,5.369127516778524
Create A Custom Responsive WordPress Website For A Client,95,7517,89,4.5,1.1839829719302915
Mastering HTML5 Programming - The Easier Way,75,21653,138,7.0,0.6373250819747841
How to Launch Your Own Website Builder Service,20,9028,87,1.5,0.9636685866194064
Getting Started with HTML,40,7375,52,1.5,0.7050847457627119
Spring Framework 4 (Java Enterprise JEE) with AngularJS,95,5177,318,13.5,6.142553602472475
Build A Weather App With Ajax Using Open Weather Map API,20,6548,44,4.0,0.6719609040928528
Essentials of JavaScript Practice Coding Exercises Tips,80,28125,115,2.0,0.4088888888888889
Learn and Earn with HTML & CSS,20,9349,206,4.0,2.2034442186330088
Get started Creating Websites Everything you need provided,100,14260,44,3.0,0.3085553997194951
JavaScript in Action JavaScript Projects,150,7720,58,1.5,0.7512953367875648
Modern Web Development with Laravel 5.2 (PHP Framework),120,2142,536,12.0,25.023342670401494
Programming for Entrepreneurs - JavaScript,200,12873,106,2.5,0.8234288821564515
Create a Website from Scratch using HTML CSS step by step,75,12882,95,1.5,0.7374631268436578
Complete AJAX Course: Learn AJAX Techniques Using Bootstrap,195,12368,89,3.5,0.7195989650711513
Learn jQuery by Example Course,170,8625,94,5.0,1.0898550724637681
Bootstrap 4 Theme Development Masterclass,150,2641,28,39.0,1.0602044680045437
Wordpress Theme Development for Beginners,20,1052,14,8.0,1.3307984790874523
Web Design Creating websites from scratch,75,13920,64,2.0,0.45977011494252873
HTML Learning the Basics Intro to HTML website coding,20,7416,65,39.0,0.8764832793959008
Learn how to use Javascript Components with PHP and Symfony,90,1822,4,2.0,0.21953896816684962
So you think you know JavaScript?,50,1010,154,6.0,15.247524752475247
Learn Node.js by building Udemy: Stripe + MailChimp + Wistia,110,1425,36,5.5,2.526315789473684
Learn jQuery: An In-depth Course For Beginners,50,7014,95,4.5,1.354433989164528
JavaScript for Beginning Web Developers,75,7785,416,4.5,5.3436095054592165
JQuery Create Overlay Popups from scratch using Jquery,50,4407,17,2.5,0.3857499432720672
Vue JS 2: From Beginner to Professional,145,602,93,15.5,15.448504983388705
Ultimate AngularJS: Build a Real-World App from Scratch,100,1712,438,5.5,25.58411214953271
Wordpress Site Migration,20,1894,40,1.5,2.1119324181626187
introduction to HTML Course,20,3258,32,2.0,0.9821976672805401
Create Single Page Website using Twitter Bootstrap 3,20,7449,111,1.0,1.4901329037454691
The All-In-One Web Development Course,85,538,13,18.5,2.41635687732342
Code a Responsive Website Using HTML5 and CSS for Beginners,50,1271,136,7.5,10.700236034618412
AngularJS for the Real World - Learn by creating a WebApp,115,1407,137,7.0,9.737029140014215
Wordpress Tutorial   ,200,2311,8,1.5,0.34617048896581565
Create a REAL Social Network like Facebook in PHP + MySQL,45,1002,178,16.5,17.764471057884233
Advanced Node.js Development,55,2565,32,3.0,1.2475633528265107
ASP.NET MVC 5 Project - Facebook Clone,30,210,19,5.0,9.047619047619047
Bootstrap For Beginners: A  Basic Introduction,55,1186,14,40.0,1.1804384485666104
jQuery for Beginners,20,1421,17,4.0,1.1963406052076002
JavaScript Basics For Web Developers,20,958,14,1.0,1.4613778705636742
Learn PHP from Scratch,50,1550,25,1.5,1.6129032258064515
Learn Express,25,1309,60,1.5,4.583651642475172
"Build A Web App with VueJS, Spring Framework and MongoDB",145,251,32,3.5,12.749003984063744
Zend Framework 2: Learn the PHP framework ZF2 from scratch,40,723,130,6.5,17.98063623789765
Improved SEO with Rich Snippets and MicroData,Free,11026,228,1.0,2.0678396517322692
X theme for WordPress: Responsive web design without code!,20,1318,81,7.0,6.145675265553869
Become a HTML and CSS Developer - Build a Responsive Site,Free,3894,91,2.0,2.336928608115049
How to Make a Wordpress Website 2017,Free,12293,235,3.0,1.9116570405922069
Install Wordpress,20,1447,35,40.0,2.4187975120939877
CSS Specialist: Comprehensive CSS Training,100,487,31,6.0,6.365503080082135
Introduction to Laravel 4,Free,9110,411,2.5,4.511525795828759
Introduction to Elm,Free,1519,28,1.0,1.8433179723502304
Learn to Freelance with People Per hour  (URDU),20,948,48,36.0,5.063291139240507
Learn Wordpress 4 from Scratch : Create Awesome Websites,75,2023,8,2.0,0.3954522985664854
Amazon Alexa Development: From Beginner to Intermediate,140,1858,110,2.5,5.920344456404736
The Build a SAAS App with Flask Course,40,2244,365,10.0,16.26559714795009
Learn JSON with JavaScript Objects and APIs in 1 hour,95,3619,93,1.0,2.5697706548770376
1 Hour JavaScript,200,22999,602,1.0,2.617505108917779
Building An E-Commerce Store Using Java Spring Framework,95,2743,589,14.5,21.47283995625228
Typescript Masterclass & FREE E-Book,150,1229,139,7.5,11.310008136696501
PHP MVC Framework CodeIgniter Tutorial for Beginners Project,100,3701,508,10.5,13.726019994596056
JavaScript - Become Higly Paid Front End Developer,105,710,137,3.5,19.295774647887324
Object Oriented Programming (OOP) in PHP - Build An OOP Site,20,6588,721,2.0,10.944140862173649
Beginners Introduction to Web Development,200,7331,55,1.5,0.7502387123175556
Django + AngularJS for a Powerful Web Application,95,4463,59,5.5,1.3219807304503697
WordPress Academy: Learn WordPress step by step,150,1873,360,7.5,19.220501868659902
Web Development Essential Skills - Complete HTML and CSS,95,1388,11,7.0,0.792507204610951
Byte-Sized-Chunks: Closures in Javascript,20,1292,2,2.0,0.15479876160990713
Laravel Account Activation Project,50,1147,19,2.5,1.6564952048823016
WordPress: Create an Amazing Website With Ease,200,1109,13,2.5,1.1722272317403066
Mastering the Google Chrome Developer Tools,20,2002,41,40.0,2.047952047952048
Kali Linux Web App Testing,75,876,48,3.0,5.47945205479452
Learn Ruby Programming The Easy Way - Lite,20,1186,12,34.0,1.0118043844856661
"Web Scraping with Python, Ruby & import. io",75,973,50,4.5,5.138746145940391
Sending email with PHP: from Basic to Advanced,40,379,58,2.0,15.303430079155673
WordPress 2016 for Beginners : Build awesome websites!,20,2177,13,4.0,0.5971520440973818
Learn to make websites with Google's Material Design Lite,20,1063,72,5.5,6.773283160865475
Joomla 3 : Develop a Professional Website in 3 Simple Steps!,35,1309,74,5.0,5.653170359052712
Complete Python Web Course: Build 8 Python Web Apps,110,7489,941,16.0,12.565095473360929
Web Design for Beginners: Real World Coding in HTML & CSS,100,9103,1724,9.0,18.938811380863452
Ethereum Developer: Build A Decentralised Blockchain App,195,3169,527,3.5,16.629851688229724
The Complete Web Development Course -  Build 15 Projects,200,7501,1213,76.5,16.17117717637648
Angular 2 + Rails 5 Bootcamp,150,1967,372,9.0,18.91204880528724
Javascript - From Beginner to Pro-Build real world JS apps,195,28694,688,11.5,2.3977138077646893
Redux in Angular (2 and 4+),70,909,16,1.5,1.76017601760176
The complete JavaScript developer: MEAN stack zero-to-hero,75,4820,983,11.5,20.394190871369293
Running a Web Development Business: The Complete Guide,150,24575,525,19.5,2.136317395727365
Projects In JavaScript & JQuery,60,9109,620,9.0,6.806455154243056
Learn To Build Beautiful HTML5 And CSS3 Websites In 1 Month,50,18818,407,11.0,2.162822829206079
"Full stack Universal React with Redux, Node js and MongoDB",195,1121,174,5.0,15.521855486173058
Creating an MP3 Player with HTML5,20,14551,169,1.5,1.1614322039722356
Be a Bootstrap Developer from scratch,100,5800,185,3.5,3.189655172413793
Create Your First Wordpress Site in Under an Hour,20,4867,128,1.0,2.6299568522703924
Learn Coding as RF or Telecom Engineer - Build Real Program,25,1006,4,2.0,0.3976143141153081
Creating FaceBook Design Using Bootstrap - Handson Project,80,4616,20,2.0,0.43327556325823224
Building HTML5 Canvas projects from scratch,100,8968,35,2.0,0.3902765388046387
Learn How To Become a Web Developer From Scratch,200,7062,72,11.0,1.0195412064570943
"Earn Big Profits With Web Development, Simple and Easy!",90,3073,27,1.5,0.8786202408070289
BDD with Ruby on Rails using RSpec 3 and Capybara,175,2706,179,13.0,6.614929785661492
Learn By Example: jQuery,50,1702,49,7.0,2.8789659224441833
Professional Python Web Development Using Flask,120,3420,489,14.5,14.298245614035087
JavaScript HTML CSS Project make a Quiz Tutorial,95,7130,39,2.0,0.546984572230014
Voiceover Audio Secrets - Your Way to Top Audio Quality,195,918,8,2.5,0.8714596949891068
jQuery UI In Depth,25,1520,21,10.5,1.381578947368421
Codeless Website Development with Adobe Muse,50,461,67,3.5,14.533622559652928
Learn To Build A Google Map App Using Angular 2,30,116,12,1.0,10.344827586206897
Learn Reactivex From Ground Up,40,207,32,5.0,15.458937198067632
Learn HTML in 59 Minutes - Your intro to front-end dev,35,333,15,1.0,4.504504504504505
WordPress Theme Customization 101 (for beginners),40,305,40,2.0,13.114754098360656
Supercharging Development With Atom Text Editor,20,644,42,1.5,6.521739130434782
Master WCF 4.0 From Scratch Using C#,50,415,67,7.0,16.14457831325301
Drupal 7 for Beginners,35,926,102,2.5,11.01511879049676
Critical Web Dev Skills & Tools for the Non-Tech Hustler,Free,3118,8,1.5,0.2565747273893521
Install WordPress on Computer using XAMPP,Free,4290,150,37.0,3.4965034965034967
Java Web Services Part 2,20,959,51,3.0,5.318039624608968
Complete PHP Course With Bootstrap3 CMS System & Admin Panel,195,55332,1225,20.0,2.213908768885997
Learn To Create WordPress Themes By Building 10 Projects,60,2273,384,16.5,16.893972723273208
The Complete NodeJS Course: Build a Full Business Rating App,195,17784,260,12.5,1.461988304093567
Master the MEAN Stack - Learn By Example,195,25799,382,4.5,1.480677545641304
First Web Application with Spring Boot,40,2865,95,4.0,3.315881326352531
HTML5 and CSS3: Learn Web Design with HTML + CSS + Bootstrap,200,346,28,8.5,8.092485549132949
Backbone Tutorial: Learn Backbonejs from Scratch,90,4957,634,5.5,12.789993947952391
AngularJS Custom Directives with Dan Wahlin,75,4128,434,6.0,10.513565891472869
Angular 2+ with Typescript - Essential Training,195,29348,780,3.0,2.6577620280768706
Learn Angular 2 from Beginner to Advanced,195,32696,526,10.0,1.608759481282114
Create an eCommerce Wordpress Website 2016 - New Divi Theme!,30,3503,123,4.0,3.5112760491007706
HTML5 and CSS3 : Landing Pages for Entrepreneurs 2016,195,2354,16,4.0,0.6796941376380629
Learning Docker and Kubernetes by Lab,30,586,54,5.0,9.215017064846416
Projects in ExpressJS - Learn ExpressJs building 10 projects,50,1949,149,15.5,7.644946126218574
PHP For Beginners : Learn PHP From Scratch!,100,1825,17,3.5,0.9315068493150684
Bootstrap 4.0 New Features: Build Responsive Website,40,2296,28,1.5,1.2195121951219512
ASP.NET MVC 5 Project - CMS and Shopping Cart with Paypal,30,550,97,9.0,17.636363636363637
Professional RESTful API Design using Python Flask,120,578,25,4.5,4.325259515570934
HTML5 APIs For JavaScript - A Course For Web Developers ,50,7706,62,5.0,0.8045678691928367
Learn Python Django - A Hands-On Course,50,1339,21,2.0,1.568334578043316
Comprehensive JavaScript Programming,20,6760,84,3.0,1.242603550295858
Security for your WordPress site,85,1096,8,38.0,0.7299270072992701
Try Django 1.9 | Build a Blog and Learn Python's #1 Library,50,7407,172,20.0,2.3221277170244363
Accelerated ES6 JavaScript Training,110,5811,850,6.0,14.627430734813284
AWS Serverless APIs & Apps - A Complete Introduction,145,2145,166,8.0,7.73892773892774
Python and Django Full Stack Web Developer Bootcamp,200,11832,1883,31.5,15.91446923597025
The Complete Elixir and Phoenix Bootcamp,50,5279,1375,14.5,26.04659973479826
Build a Real-world App with ASP.NET Core and Angular 2 (4+),190,5332,828,10.5,15.528882220555138
REST APIs with Flask and Python,110,5151,737,12.5,14.307901378373131
Angular 4 (formerly Angular 2) - The Complete Guide,190,73783,19649,22.0,26.630795711749318
Build Websites from Scratch with HTML & CSS,145,51257,1955,8.0,3.8141131942954134
PHP for Beginners -Become a PHP Master - Project Included,200,28880,4316,30.5,14.944598337950138
The Professional Ruby on Rails Developer,100,17334,676,17.0,3.8998500057690086
The Complete Ruby on Rails Developer Course,195,33677,3809,31.5,11.310389880333759
Docker Technologies for DevOps and Developers,30,19210,3137,3.0,16.330036439354505
JavaScript programming: JavaScript for beginners,55,2215,223,5.0,10.067720090293454
JSON in Action: Build JSON-Based Applications,50,1322,171,3.5,12.934947049924356
Learn Ruby Programming The Easy Way,35,3485,22,2.0,0.6312769010043041
Learn OAuth 2.0 - Get started as an API Security Expert,95,2185,283,3.5,12.951945080091534
AngularJS For .Net Developers From Scratch,50,2494,303,4.5,12.14915797914996
"Jekyll: make fast, secure static sites and blogs with Jekyll",45,2091,86,2.5,4.112864658058346
HTML and CSS BootCamp for Beginners,30,1777,35,6.5,1.9696117051209903
Hosting Django: Amazon Web Services (AWS) Fundamentals,45,2573,103,5.5,4.003109211037699
Angular Advanced MasterClass & FREE E-Book,150,228,9,6.5,3.9473684210526314
Learn Responsive Web Development from Scratch,Free,59639,2692,4.5,4.513824846157716
Build WordPress Plugin to extend Beaver Builder,50,1705,26,2.0,1.5249266862170088
Coding Made Easy: A Beginners Guide To JavaScript,40,1950,33,1.0,1.6923076923076923
The Complete Developers Guide to MongoDB,150,10945,1286,13.5,11.749657377798082
Electron for Desktop Apps: The Complete Developer's Guide,50,2606,241,8.0,9.247889485801995
Vue JS 2 - The Complete Guide (incl. Vue Router & Vuex),190,17671,4675,18.0,26.45577499858525
"React JS, Angular & Vue JS - Quickstart & Comparison",160,2273,288,8.0,12.670479542454904
The Complete JavaScript Course: Build a Real-World Project,195,27801,4340,17.5,15.610949246429984
Angular (Angular 2 or 4) & NodeJS - The MEAN Stack Guide,150,17297,3166,8.5,18.303752095739146
Angular 2 with TypeScript for Beginners: The Pragmatic Guide,150,40070,8341,9.5,20.816071874220114
Meteor and React for Realtime Apps,140,6527,1384,9.0,21.204228588938257
The Web Developer Bootcamp,200,121584,27445,43.0,22.572871430451375
AngularJS JumpStart with Dan Wahlin,75,17802,2144,10.0,12.043590607796876
The Complete Web Developer Course 2.0,200,114512,22412,30.5,19.57174793908062
Ultimate Web Designer & Developer Course: Build 23 Projects!,200,33788,4434,32.5,13.123002249319285
ExpressJS Fundamentals,Free,21245,914,1.0,4.302188750294187
REST WCF Service in ASP.NET,Free,7905,561,41.0,7.096774193548387
Projects in Node.js - Learn by Example,195,869,99,5.0,11.39240506329114
Building Data Visualizations with D3 and Angular 2,125,293,30,3.5,10.238907849829351
Learn Object Oriented PHP By Building a Complete Website,Free,36322,2618,4.5,7.207752877044216
Web Programming Course : Asp.Net MVC,100,2760,76,3.5,2.753623188405797
Learn Spring Framework Practically - Hands On Recipies,145,522,50,5.5,9.578544061302683
One-stop Ruby on Rails: Build Web Applications from Scratch,145,1628,162,18.5,9.950859950859952
Learn what's new in PHP 7,Free,12336,271,3.5,2.1968223086900127
Dive Into Docker: The Docker Course for Developers,Free,6437,313,1.5,4.862513593288799
"Basic Concepts of Web Development, HTTP and Java Servlets",35,2797,59,1.0,2.109402931712549
The Most Comprehensive Web Development Course,200,333,22,42.0,6.606606606606606
Learn and Understand AngularJS,175,59361,11580,7.0,19.5077576186385
JavaScript: Understanding the Weird Parts,175,79612,16976,11.5,21.32341858011355
Webpack 2: The Complete Developer's Guide,75,8964,1893,5.5,21.11780455153949
Build Responsive Real World Websites with HTML5 and CSS3,195,43977,7106,12.0,16.158446460649888
ES6 Javascript: The Complete Developer's Guide,80,13010,2709,6.5,20.822444273635664
Learn and Understand NodeJS,195,58208,11123,13.0,19.109057174271577
Understanding TypeScript,110,9132,1560,7.0,17.082785808147175
Advanced React and Redux,140,21998,3326,12.0,15.119556323302119
Modern React with Redux,180,50815,15117,26.5,29.749089835678443
Angular Styling & Animations (for Angular 2 and Angular 4),120,4138,307,6.0,7.419043015949735
The Complete ASP.NET MVC 5 Course,190,20652,6357,7.5,30.781522370714704
GraphQL with React: The Complete Developers Guide,150,6412,987,13.0,15.393013100436681
"Create a Simple Photo Gallery with Dropzonejs, Slick and PHP",Free,2464,17,44.0,0.689935064935065
WordPress in under an hour - Create/manage your own website!,Free,6474,86,1.0,1.3283904850169912
Twitter Bootstrap 2 for Beginners,20,2388,139,1.0,5.8207705192629815
Bootstrap Tutorial - Essentials From Basic to Advanced,195,1494,23,7.5,1.5394912985274432
Create an Engaging Website with Twitter Bootstrap 2.x,20,1463,56,1.0,3.827751196172249
Javascript :basics for beginners,30,1057,22,37.0,2.081362346263009
CSS Tutorial For Beginners: Style Your Wordpress Templates,35,1049,22,3.5,2.0972354623450906
HTML5 And CSS3 - Build Modern Responsive Websites,175,109,17,9.5,15.59633027522936
PSD to HTML5/CSS3 using Twitter Bootstrap 3! ,95,2073,24,2.0,1.1577424023154848
Web Development: Make A Website That Will Sell For Thousands,50,1116,62,7.5,5.555555555555555
WordPress Basics to Business: Share and Sell your Expertise,50,1125,10,3.5,0.8888888888888888
PHP Zend Framework 2:Creating a CRUD Application,40,802,6,38.0,0.7481296758104738
JavaScript Fundamentals,Free,4409,71,5.0,1.6103424812882738
Building a Website With Jekyll,20,686,19,3.0,2.7696793002915454
Big Data and Apache Hadoop for Developers - Fundamentals,30,1154,89,3.0,7.712305025996534
Wordpress Development : Create a Custom Wordpress Website,120,885,3,1.5,0.3389830508474576
How to Make a Wordpress Website 2017,Free,2437,137,34.0,5.621665982765696
RESTful Services with ASP.NET Web API,85,716,59,2.0,8.240223463687151
Web Hosting Fundamentals,20,1867,19,37.0,1.0176754151044456
Learning Path: React: Make Stunning React Websites,200,91,5,6.5,5.4945054945054945
Administering Microsoft SQL Server 2012 Databases - 70-462,60,586,65,5.5,11.092150170648464
PHP CodeIgniter:CRUD concepts in MVC,40,601,4,35.0,0.6655574043261231
Adobe Experience Manager CMS Basics,35,81,14,1.0,17.28395061728395
Introduction to Frontend Web Development For  Beginners,145,1018,28,4.5,2.75049115913556
PHP: Complete Login and Registration System with PHP & MYSQL,200,1448,173,7.5,11.947513812154696
JavaScript Complete Guide to learning JavaScript,200,1296,22,5.5,1.6975308641975309
Advanced Scalable Python Web Development Using Flask,120,1299,56,14.0,4.311008468052348
jQuery for Absolute Beginners - Lite,20,1769,49,35.0,2.7699265121537593
HTML Complete Course - Beginner to Expert,Free,20073,615,1.5,3.0638170677028844
Cross-Platform Development with ASP.NET Core 1.0 MVC,35,601,126,5.5,20.965058236272878
Build a Photo Blog with Ruby on Rails,20,2281,32,1.5,1.4028934677772906
Practical PHP: Master the Basics and Code Dynamic Websites,Free,83737,4598,6.5,5.491001588306244
Sass Workflow,Free,20890,945,3.0,4.523695548109143
Learn PHP Fundamentals From Scratch,Free,48650,1236,2.0,2.5405960945529293
XML For Absolute Beginners: Learn to create your own tags,75,1945,58,1.0,2.982005141388175
Joomla: Create a Joomla Website This Weekend With NO CODING!,Free,18496,386,2.0,2.086937716262976
JavaScript for beginners - A Complete Guide,100,1193,87,10.5,7.292539815590946
Laravel Deployment - Launch your Laravel Application Online,Free,4905,101,1.0,2.059123343527013
WordPress Development Crash Course: From Zero To Hero,60,1699,8,2.0,0.47086521483225424
Learn how to create a WordPress theme using Pinegrow,Free,11812,152,2.0,1.2868269556383338
Learn to Build Web Apps using Laravel Framework,30,746,93,6.5,12.466487935656836
Flexbox: The complete guide,35,189,7,1.0,3.7037037037037033
How to Safely Copy and Move Your WordPress Website,60,1419,38,1.5,2.6779422128259336
AngularJs :basics for beginners,45,1237,16,1.0,1.2934518997574778
JSON For Beginners: A Very Basic Introduction,65,1703,27,1.0,1.5854374633000587
Learn SASS and improve your CSS,55,1849,29,3.0,1.5684153596538668
Angular Tutorial For Beginners,Free,5397,112,2.5,2.075226977950713
HTML and CSS for Absolute Beginners,Free,4410,52,3.0,1.179138321995465
"JavaScript, jQuery and Ajax",20,1554,30,4.0,1.9305019305019304
Laravel Blog Development Starter,Free,4499,138,2.0,3.067348299622138
React: Learn ReactJS Fundamentals for Front-End Developers,55,1993,55,4.0,2.7596588058203713
JavaScript For Absolute Beginners - Level Two,30,424,85,1.0,20.047169811320757
How To Create A Real Estate Website With Wordpress 2017,Free,3782,32,1.5,0.8461131676361713
The Complete HTML5 and CSS3 Course - with 8 Websites Design,30,1551,42,7.5,2.7079303675048356
Introduction to Modern Programming with PHP,20,954,183,16.0,19.18238993710692
HTML Introduction Course: Learn HTML in 2 hours!!!,Free,7304,368,2.0,5.038335158817087
Learn HTML & CSS: How To Start Your Web Development Career,Free,15462,689,4.5,4.456085887983443
React vs Angular vs Vue.js by Example,Free,6958,132,3.5,1.8970968669157804
Create WordPress Plugins,50,964,19,2.5,1.970954356846473
Build and Deploy a LAMP server on AWS,Free,3571,18,1.0,0.504060487258471
Build your own Beautiful Blog in WordPress + SEO,200,2421,6,3.0,0.24783147459727387
AngularJS Authentication: Secure Your App with Auth0,Free,21689,1080,1.0,4.979482687076398
Learn Bootstrap 4 by Example,Free,5542,54,1.0,0.9743774810537712
Complete WooCommerce Plugin Tutorial For Wordpress 2017,Free,7922,183,1.5,2.310022721534966
How To Build And Make A Wordpress Website From Scratch 2017,Free,7055,166,2.0,2.3529411764705883
Docker for Developers - Newest Version 1.12 with Swarm Mode,95,767,104,5.5,13.559322033898304
Angular Material - Quickstart,Free,3766,135,42.0,3.5847052575677116
HTML and CSS for Beginners - Build a Website & Launch ONLINE,Free,70773,5660,6.0,7.997400138470885
"Core: A Web App Reference Guide for Django, Python, and More",195,2497,98,26.0,3.9247096515818978
"JSON with Java APIs, jQuery and JSON REST Web Services",95,799,87,6.0,10.888610763454318
Bootstrap 4 Quick Start: Code Modern Responsive Websites,Free,41478,2104,3.0,5.072568590578138
Learn Symfony 3 framework by practical examples,125,867,177,4.0,20.415224913494807
"Complete Web Development with HTML, CSS and Javascript",Free,2097,16,2.0,0.7629947544110633
Web Hosting Introduction: How to Publish Your Website Online,Free,5533,137,1.0,2.47605277426351
Django For Beginners,175,534,16,4.0,2.9962546816479403
Introduction to QGIS Python Programming,85,197,26,3.5,13.19796954314721
Learning Object-Oriented JavaScript,75,533,54,3.0,10.131332082551594
Bootstrap Tutorial for Beginners,20,1036,27,2.0,2.606177606177606
Learn Bootstrap3 With Multi Purposes Single Page Layout,Free,4503,146,21.0,3.242282922496114
HTML for Beginners,Free,8592,336,2.5,3.910614525139665
How to Build WordPress Themes: A Web Designer's Guide,165,183,30,5.5,16.39344262295082
XML DTD :basics for beginners,35,903,3,33.0,0.33222591362126247
Learn to make an HTML 5 website with a video background,80,1236,18,30.0,1.4563106796116505
Learn Authentication With ASP.NET Identity Security 2017,50,305,45,2.0,14.754098360655737
HTML and CSS Foundations,Free,1544,15,1.0,0.9715025906735751
Python Web Programming,100,1020,46,6.0,4.509803921568627
Build a Complete Registration and Login System using PHP MVC,80,325,50,5.0,15.384615384615385
ES6 / EcmaScript 6 for beginners an introduction,Free,3227,19,2.0,0.5887821506042764
React for visual learners,20,659,64,3.5,9.711684370257966
Learn to Create Advance Responsive Websites With Bootstrap,20,2528,15,2.0,0.5933544303797469
Master the Art of Web Design with HTML & CSS,145,550,15,3.0,2.727272727272727
Sell Courses On Your Own Website - No Coding Required!,100,1032,9,1.0,0.872093023255814
Implementing a Data Warehouse with SQL Server 2012 ,85,1142,148,5.0,12.95971978984238
Learning 200 jQuery Functions with 800 Examples,195,1766,38,18.5,2.1517553793884483
Create Complete Web Applications easily with APEX 5,30,912,128,7.0,14.035087719298245
"Learn Gulp, The Streaming Build System",25,1305,38,1.5,2.9118773946360155
Perfect React JS Course - Understand Relevant Details,200,653,20,1.0,3.0627871362940278
Create a classified website in 2 hours - guaranteed,50,3411,84,1.0,2.4626209322779244
Learn HTML And CSS From Scratch,Free,11533,240,2.0,2.0809849995664615
Become a Certified Web Developer - Beginner to Expert,200,3397,12,8.0,0.3532528701795702
Complete Bootstrap 4 course - build 3 projects,Free,7865,241,5.0,3.0642085187539734
Up and Running with Phalcon,20,715,12,1.5,1.6783216783216783
HTML : HTML Awesomeness,25,988,23,38.0,2.327935222672065
Build CRUD Application - PHP & Mysql,Free,4405,71,1.5,1.611804767309875
All You Need To Know About AngularJS - Training On AngularJS,50,1936,88,5.0,4.545454545454546
PSD To a Creative Landing Page Using Twitter Bootstrap 3,Free,11666,546,4.0,4.680267443853935
Ready for Production with Spring Boot Actuator,55,361,26,2.5,7.202216066481995
AngularJS For Beginners,Free,30531,1948,3.0,6.38040024892732
Learning Path: Akka: Building Applications and Microservices,200,88,8,4.5,9.090909090909092
Set up a localhost Web Server for Faster Website Development,30,55,13,1.5,23.636363636363637
Mastering Meteor: Reactive Full Stack JavaScript,95,494,46,3.0,9.31174089068826
Build A Professional Wordpress Website In An Hour,20,1294,11,1.0,0.8500772797527048
Build a file hosting/sharing site in less than 2 hours ,20,976,29,1.5,2.971311475409836
Introduction to Java Programming for Online Learners,200,1586,87,22.0,5.485498108448928
Create full featured Landing Page in Ruby on Rails in 3 hour,30,1550,15,3.0,0.967741935483871
How to create a  video blog with WordPress,25,1209,8,4.5,0.6617038875103392
PHP For WordPress Development,35,850,12,1.0,1.411764705882353
Create a Professional Website Without Programming/Coding,Free,5421,93,1.5,1.715550636413946
How to Build an Autocomplete System Like Google,30,255,5,1.0,1.9607843137254901
Master EmberJS : Learn Ember JS From Scratch,120,707,59,6.5,8.345120226308344
How To Make A Modern Wordpress BLOG 2017! Create Your Blog!,Free,6856,137,2.0,1.9982497082847142
Learn Top Ten PHP FrameWorks By Building Projects,60,1007,96,17.5,9.533267130089374
How to Make a Video Blog Website From Scratch w/ Wordpress ,Free,12952,163,1.0,1.2584928968499074
Build Websites And Apps By Outsourcing,20,2299,11,2.0,0.4784688995215311
Learning Path: Web Applications with Spring and Angular,200,19,2,4.0,10.526315789473683
Learn Ruby on Rails By Building Projects,60,1736,79,13.0,4.550691244239631
Canvas image Creator HTML5 JavaScript project from Scratch,100,2195,10,3.5,0.45558086560364464
Javascript Essentials,Free,47062,5590,8.5,11.877948238493902
Devtools 2017: The Basics of Chrome Developer Tools,Free,4569,108,1.0,2.3637557452396587
Chrome Extensions : Develop 5 chrome extensions from scratch,Free,3655,85,2.0,2.3255813953488373
Learn how to quickly build websites using Wordpress,Free,15715,406,3.5,2.5835189309576836
Advance Unix : File Processing: AWK | SED | GREP | CUT | VIM,75,578,40,5.5,6.920415224913495
Develop a Professional OnePage WordPress site With No Coding,20,1747,13,1.5,0.7441327990841442
PHP Specialist (2017 Edition),100,197,11,3.5,5.583756345177665
Python Programming: Create an Digital Marketplace in Django,195,4198,145,26.0,3.454025726536446
Create Ajax Chat App with PHP & Mysql,45,540,11,1.0,2.037037037037037
Mastering Thymeleaf with Spring,75,942,161,4.5,17.091295116772823
Learn Rails Programming in Less than 2 Hours,35,2470,24,2.5,0.9716599190283401
Wordpress Backup & Restore,95,478,37,1.5,7.740585774058577
Learn JavaScript Dynamic Interactive Projects for Beginners,100,2558,12,3.0,0.46911649726348714
Build Modern Websites Super Fast,25,2178,22,1.5,1.0101010101010102
SAP - Learn SAPUI5 Professional Development,195,860,201,7.0,23.372093023255815
Wordpress Security,95,2888,26,2.5,0.9002770083102494
Learn HTML5 At Your Own Pace. Ideal for Beginners,50,3026,60,7.0,1.982815598149372
Build an Amazon clone: Nodejs + MongoDB + Stripe Payment,20,2164,290,8.5,13.401109057301294
Build Real World Websites from Scratch using HTML5 and CSS3,195,10874,114,7.5,1.0483722641162405
How to become an App Developer,200,1935,17,1.0,0.8785529715762275
"Modern JavaScript: Building Real-World, Real-Time Apps",50,1871,154,13.5,8.230892570817744
JavaScript Introduction to Object Oriented JavaScript,90,7789,59,1.5,0.7574784953139042
Core HTML How to get online quickly HTML to HTML5 ,90,10394,33,3.5,0.3174908601116029
Building Websites JavaScript and the DOM,120,17759,64,3.0,0.3603806520637423
Complete Login and Registration System in PHP and MYSQL,200,4714,149,4.0,3.1607976240984303
The Complete E-Commerce Web Developer Course 5.0,195,3209,58,12.5,1.8074166406980368
HTML5 canvas Bootcamp for beginners 25 easy steps,120,14118,30,2.0,0.21249468763280915
Advanced HTML5 Tutorial for Web Developers,50,11847,57,7.5,0.48113446442137253
Learn the Basics of Programming for Marketers,55,11339,43,3.5,0.3792221536290678
Css For Beginners,85,1156,13,2.5,1.124567474048443
GRUNT js: Automate web development tasks and save your time,55,1534,33,1.5,2.1512385919165578
Mastering Web and Mobile Debugging Using Chrome Dev Tools,195,1102,12,2.0,1.0889292196007259
HTML : Beginner Guide to HTML writing,20,783,20,37.0,2.554278416347382
Build Web Apps Using EmberJS: The Complete Course,40,627,126,4.5,20.095693779904305
SharePoint 2013 Development using C# - Part I,50,891,101,8.5,11.335578002244668
SAP Crystal Reports with ASP.Net (Step by step),Free,7484,304,1.0,4.061998931052912
Building Responsive Data Visualizations with D3 JS,85,876,59,2.0,6.735159817351597
Learn Rails Programming in Less than 30 Minute - Lite,20,1235,25,38.0,2.0242914979757085
SASS - Beginner Crash Course,25,1143,34,1.0,2.974628171478565
Angular 2 Fundamentals for Web Developers,40,450,61,6.0,13.555555555555557
Easily Learn Web Development With Drop & Drag: OptimizePress,20,1442,9,2.0,0.624133148404993
XML XSLT - Crash Course for Beginners,45,426,4,1.0,0.9389671361502347
Create Your Own Successful Online School To Sell Courses,95,2814,14,2.0,0.4975124378109453
Flask Tutorial Step by Step,Free,4645,171,2.0,3.681377825618945
Ruby on Rails a Beginners Guide ,Free,13130,346,6.5,2.6351865955826352
Mastering Basic CSS Selectors.,Free,3933,23,3.0,0.5847953216374269
Create a Website Similar to Facebook from Scratch!,25,2197,9,1.5,0.40964952207555755
Comprehensive TypeScript,125,1318,78,4.5,5.918057663125948
"Essential HTML, CSS & HTML5 Training",50,1553,35,5.5,2.2537025112685125
HTML 5 and CSS 3 - tricks and workarounds,80,2007,10,5.5,0.4982561036372696
"How to Register a Domain, Set Up Hosting, and Edit Web Pages",45,1540,19,3.0,1.2337662337662338
WordPress Plugins Treasure Chest,25,1655,10,3.0,0.6042296072507553
Practical Understanding of PHP and MySQL,Free,12201,217,5.5,1.7785427423981641
"AngularJS for Beginners, Single-Page Applications Made Easy",200,1284,46,1.5,3.582554517133956
Building a Social Network in PHP & MySQL From Scratch,50,869,125,14.0,14.384349827387801
XML DOM - Crash Course for Beginners,45,396,6,34.0,1.5151515151515151
Create a Powerful Website with the Cool Bootstrap Framework,Free,7142,41,4.0,0.5740688882665921
HTML5 and CSS3 -Start building beautiful websites,150,1414,14,2.5,0.9900990099009901
Getting Started as a Web Developer,Free,9833,241,1.0,2.4509305400183057
Learn Laravel: Create Your Web App Step-By-Step,45,604,47,4.0,7.781456953642383
Professional Web Scraping with Java,50,685,37,1.0,5.401459854014599
3D Programming with WebGL and Babylon.js for Beginners,200,549,49,2.0,8.925318761384334
Learn to make a colorful one page website,200,1220,16,34.0,1.3114754098360655
WordPress Plugin Tutorial,40,1588,8,34.0,0.5037783375314862
Introduction to HTML,Free,8371,212,1.5,2.532552861067973
Learn JavaScript From Scratch:Become Top Rated Web Developer,65,2570,17,5.0,0.6614785992217899
"Installing Wordpress 4 - Installation, Registrars & Hosting",45,6117,188,2.5,3.0734019944417197
Learn PHP Programming for Absolute Beginners,35,5368,78,2.0,1.4530551415797317
WordPress for Beginners 2017 + Google AdSense Implementation,195,2225,14,6.5,0.6292134831460674
JavaScript for beginners in 1 hour,95,2086,56,1.0,2.684563758389262
HTML5 and CSS for Beginner To Expert,20,1732,15,4.5,0.8660508083140877
Become a Kick-Ass Web Developer: From Newbie to Pro,200,6751,44,48.5,0.651755295511776
Django Tutorial: Build Your First App Fast & Free! ,20,5228,180,2.5,3.442999234889059
Create a social network using PHP Mysqli HTML Css and JQuery,40,1477,17,6.0,1.1509817197020988
PHP - Send and Receive Mobile Text Messages (SMS),50,1626,81,1.5,4.981549815498155
Complete PHP Course with OOP Start to Finish!,200,4529,54,2.0,1.1923161845882093
Coding Made Easy: HTML & CSS For Beginners,40,3254,92,1.5,2.8272894898586354
WordPress Security - The Ultimate Security Guide,60,2267,17,1.5,0.7498897220996913
How to Make a Single Page Website for Freelancers & Agencies,Free,17463,283,1.5,1.6205692034587413
Learn to Use jQuery UI Widgets,Free,23669,521,1.0,2.2011914318306647
Learn to Create Responsive Layouts in 30 Minutes,Free,5301,174,30.0,3.2823995472552348
Web Building Starter Pack. Html Css and JQuery Animations,30,1033,16,7.5,1.5488867376573088
Getting Started with Angular 2+,Free,6909,401,2.0,5.804023737154436
Intro to PHP Web Application Development with Symfony,200,4040,72,1.5,1.782178217821782
Learn OAuth 2.0 - Theory and Hands On,145,546,69,3.0,12.637362637362637
Learning CSS3 - A Comprehensive Tutorial For Web Developers,50,2459,107,8.0,4.351362342415617
Professional WordPress Theme Development from Scratch,200,1284,173,25.5,13.473520249221183
PHP Zend Framework 1.11:Creating a CRUD Application,40,1122,5,35.0,0.4456327985739751
Write quicker HTML5 and CSS 3; productivity hacks with emmet,Free,13016,286,1.5,2.1972956361401352
The Ultimate jQuery Course,20,1098,15,2.5,1.366120218579235
Build an Advanced Single Page with Bootstrap & WordPress,95,481,75,6.0,15.592515592515593
Master all PHP ideas 2017 to build any project,50,376,19,3.0,5.053191489361701
A Beginner's Guide to the Meteor JavaScript Framework,50,898,132,2.0,14.699331848552339
Create an E-commerce website without any coding,20,1393,40,31.0,2.8715003589375447
Learn To Build Apps Using Play Framework,40,434,69,5.5,15.898617511520738
Introducing Ionic 2,50,394,78,1.5,19.796954314720814
Learn Laravel with Database Migration & Seeding & Faker,20,263,14,1.0,5.323193916349809
Create a Client Network by Hosting WordPress Sites,35,1061,8,1.0,0.7540056550424128
Introduction to PHP Slim Microframework,20,1312,19,1.0,1.4481707317073171
ASP :basics for beginners,35,764,7,1.0,0.9162303664921465
"WordPress Development With NodeJS, Gulp, Composer & More",25,289,30,4.0,10.380622837370241
Become PHP Facebook Developer: Password-Less Authentication,195,4001,8,4.0,0.1999500124968758
How To Create Your Very First Website With HTML and CSS,100,5097,196,2.0,3.84539925446341
Learn JSON for beginners with JavaScript,200,3193,10,1.5,0.31318509238960224
Ultimate guide to Social Media Web development integration ,200,11011,13,2.5,0.11806375442739078
A Complete Laravel basics from beginner to expert,25,3492,61,1.5,1.7468499427262314
JQuery Basics - Learn JQuery From Scratch,100,3559,24,1.0,0.674346726608598
Learn MeteorJS By Building 10 Real World Projects,50,2784,221,15.0,7.9382183908045985
JavaScript Basics for Beginners Introduction to coding,150,5495,52,1.5,0.9463148316651502
AngularJS Masterclass - Deep Dive & Understand AngularJS,100,2912,309,6.0,10.611263736263735
HTML5 for beginners,195,9687,59,5.0,0.6090636936099928
All in one HTML CSS and JQuery,20,3444,35,3.0,1.0162601626016259
Responsive Design with NEW Materialize,75,12629,88,1.5,0.6968089318235807
Create a Responsive Business Website with WordPress,95,1659,73,5.5,4.400241109101868
PHP webservices,30,1305,25,34.0,1.9157088122605364
JavaScript Promises: Applications in ES6 and AngularJS,75,651,52,2.5,7.987711213517665
Learn to build 20 websites and build 14 iOS9 apps with swift,40,1926,9,22.5,0.46728971962616817
Professional CSS Flexbox,35,396,130,43.0,32.82828282828283
XML :basics for beginners,40,1062,12,39.0,1.1299435028248588
How to create Paypal and Credit card Payment Buttons,65,578,6,1.0,1.0380622837370241
Customizr - Learn WordPress with the ultimate creative theme,Free,4735,81,5.0,1.7106652587117213
How To Create a Local Wordpress Environment,Free,4306,163,31.0,3.785415699024617
Fun and creative web engineering with Python and Web2py,Free,10917,319,2.0,2.9220481817349087
WordPress for Beginners - Build Your First Website in 2017,100,1701,125,7.0,7.348618459729571
Learn to Make an Animated Image Gallery using HTML5,Free,11080,165,1.0,1.4891696750902528
Projects in Foundation Framework - Learn By Building 10 Apps,50,636,33,10.0,5.188679245283019
Drupal for Beginners,30,1478,18,5.0,1.2178619756427604
Laravel : CRUD Application Using AJAX In Laravel 5.3,20,362,19,1.0,5.248618784530387
Foundations of Front-End Web Development,Free,8337,300,20.5,3.5984166966534725
Angular 2 - Superheroic Framework,20,702,21,3.0,2.9914529914529915
Social Network Web Development,200,2698,29,8.0,1.0748702742772425
For Free - Deploy Quickly Spring Boot on Heroku With MySQL,95,177,19,1.0,10.734463276836157
Building Web Applications with Spring MVC,85,714,48,3.0,6.722689075630252
"HTML5, CSS3 & Bootstrap - How to Create a Responsive Website",20,1062,20,3.5,1.8832391713747645
HTML & CSS - Learn to build sleek websites ,55,1552,14,3.5,0.902061855670103
Master Angular 2 - The No Nonsense Course,25,102,27,2.5,26.47058823529412
Master ASP . NET 4 from scratch,50,613,135,16.0,22.02283849918434
CoffeeScript: The Good Parts—Write Better javaScript,50,2152,19,2.5,0.8828996282527881
Mastering Magento,85,1063,101,3.5,9.501411100658514
Ultimate JavaScript Strings,Free,3142,117,37.0,3.723742838956079
Your Own Site in 45 Min: The Complete Wordpress Course,120,1566,29,4.0,1.8518518518518516
Redirect Your Visitors By Country Easily -Wordpress Tutorial,20,2306,3,1.0,0.13009540329575023
Learn Knockout JS Framework from GroundUp,40,633,104,5.0,16.429699842022117
Build Responsive Websites  in an Hour using Portalfin,Free,2859,42,44.0,1.4690451206715633
Master Riot: Learn Riot.js from Scratch,125,299,75,3.5,25.08361204013378
Learn W3.CSS,50,1002,7,34.0,0.6986027944111777
Learning Axure RP,75,631,103,4.5,16.323296354992074
"Complete guide to install Wordpress, PHP on Cloud,AWS or VPS",50,1386,17,3.0,1.2265512265512266
"Kids Coding -Introduction to HTML, CSS and JavaScript",200,2355,143,7.0,6.072186836518047
Introduction to Voice Design with Amazon's Alexa,Free,6742,1036,41.0,15.366360130525067
How to Create a Social Network For a Niche-Related Community,100,1853,34,2.0,1.834862385321101
Webpack 1 & 2 - The Complete Guide,40,252,46,6.5,18.253968253968253
Star Rating Project AJAX with JSON response from PHP MySQL,120,1302,18,1.5,1.3824884792626728
Wordpress for beginners :Build Websites Fast without Coding ,50,1658,72,5.0,4.342581423401689
ASP.Net MVC Quick Start,Free,15092,1234,5.5,8.17651736019083
Build a Chatbot integrated Website using Bootstrap 4,50,165,13,3.0,7.878787878787878
How To Create A WordPress Website Without Paying A Developer,20,4333,16,1.0,0.3692591737825987
PSD to Bootstrap 3 for Beginners using HTML & CSS,20,976,93,2.5,9.528688524590164
Build Advanced Responsive Websites with Foundation 6 & SASS,200,1276,245,22.5,19.20062695924765
Learn Essential Javascript Fundamentals - Lite,20,1476,27,39.0,1.8292682926829267
Learn HTML in 2 hours!,Free,5351,235,1.5,4.391702485516726
Laravel 4 try and enjoy php coding,20,2402,26,2.0,1.0824313072439635
Wordpress Beginner Tutorial: Build Your First Website,Free,6402,104,1.5,1.6244923461418308
Build Complex Express Sites with Redis and Socket IO,125,223,26,3.5,11.659192825112108
Building a ASP.NET MVC 5 Membership Website,95,654,86,25.5,13.149847094801222
Drupal Views: Introduction to Enhancing Your Drupal Website,105,1262,36,2.5,2.8526148969889067
Bootstrap Bootcamp - Responsive web development- 8 projects,100,253,34,7.0,13.438735177865613
Self Advertise Using PowerPoint Twitter and Facebook on ios,20,1780,15,36.0,0.8426966292134831
Learning Bootstrap 3 - Tutorial From Infinite Skills,50,1266,90,3.0,7.109004739336493
Practical Web Development: Make Websites Quickly And Easily,20,2389,7,2.0,0.2930096274591879
"Learn animation using CSS3, Javascript and HTML5",40,1468,54,2.5,3.6784741144414173
Creating Interactive HTML5 Video,25,838,13,2.0,1.5513126491646778
Optimizing Wordpress for More Speed and Revenue,Free,2649,16,35.0,0.604001510003775
JavaScript project Learn to create a memory Game and more,95,6000,21,1.5,0.35000000000000003
The Complete JavaScript Bootcamp,195,1839,91,5.0,4.9483414899401845
JavaScript for Absolute Beginners,20,10689,394,2.0,3.6860323697258863
Complete JavaScript Course for Beginners with Easy Examples,200,7449,91,4.0,1.2216404886561953
Angular 2 Master Class with Alejandro Rangel,30,4157,206,9.5,4.95549675246572
Quick learning jQuery web development,150,3388,67,3.0,1.9775678866587958
Google Blogger Course,60,1343,11,3.5,0.8190618019359642
"Ajax in JavaScript and JQuery, with PHP - Creating Chat App",200,3399,85,1.5,2.5007355104442484
PHP Tutorial: Learn PHP Basic Programming for Beginners,20,2510,21,1.5,0.8366533864541833
Mastering Modern Web Development Using React,195,1537,8,2.5,0.520494469746259
"Full Stack JavaScript: Learn Backbone.js, Node.js & MongoDB",50,6134,93,2.0,1.5161395500489077
The Essential Web Developer Course - Build 12 Websites,200,9355,390,16.5,4.168893639764832
Build Powerful Websites & Blogs using WordPress - No Coding,20,1024,14,3.0,1.3671875
Learn to Build Web Apps using UnderscoreJS : Code Like a Pro,40,325,37,3.5,11.384615384615385
Building Web Apps Using Flask and Neo4j,50,166,21,2.5,12.650602409638553
Learn Web Animation the Easy Way: An Intro to SVG and GSAP,50,203,33,3.0,16.25615763546798
Build Your Own Membership Website With Joomla,95,1134,9,1.5,0.7936507936507936
Learn Spring Security 4 Basics - Hands On,95,216,28,2.0,12.962962962962962
Display and analyze GIS data on the web with Leaflet.js,100,25,4,12.5,16.0
How to Build a CMS with PHP,50,1096,33,1.0,3.010948905109489
Responsive Web Design with HTML5 and CSS3 - Introduction,35,770,65,8.0,8.441558441558442
Master Typescript : Learn Typescript from scratch,95,424,45,3.5,10.61320754716981
XSD :basics for beginners,35,755,0,42.0,0.0
Angularjs-WebApi2-EFCodeFirst Web App On 3-Tier Architecture,60,652,48,6.5,7.361963190184049
Css Positioning For Absolute Beginners: A Basic Introduction,65,4797,97,1.0,2.0220971440483635
Creating User Authentication System in CodeIgniter,200,2783,9,1.5,0.32339202299676606
How to easily Manage your WordPress Website,20,8462,50,2.0,0.590876861262113
Wordpress For Beginners: Create a Professional Website,200,5129,183,1.5,3.567946968219926
"Building a Portfolio in 90 minutes ( HTML, CSS, Js ) ",20,5272,111,2.0,2.10546282245827
Automate Web Development With Gulp JS,20,2784,425,3.5,15.265804597701148
Bootstrap 4 Responsive Web Design and Development,20,3086,17,7.5,0.5508749189889824
Intro To HTML & CSS: Web Development For Beginners,20,6008,203,4.0,3.3788282290279628
Become Exceptional in HTML and HTML5,20,16486,86,6.5,0.5216547373529055
Become a Rockstar Web Developer - Learn By Coding,200,2076,125,11.0,6.021194605009634
Spring 4 Mastercourse: Covers Annotation & XML Configuration,200,1353,53,23.5,3.917220990391722
WordPress Plugin Development for 2017 - Build 14 Plugins,50,3770,108,7.0,2.864721485411141
Single Page Application of MVC 5 Using AngularJS,20,722,53,1.5,7.340720221606649
"Learn to Code in HTML5, CSS3, and JavaScript",20,1404,7,2.5,0.49857549857549854
Web Application Development - Learn by Building 3 Web Apps,30,1688,16,1.5,0.9478672985781991
Rails Ecommerce App with HTML Template from Themeforest,25,214,34,2.0,15.887850467289718
Writing CSS with {LESS} - Tutorial From Infinite Skills,50,788,21,2.0,2.66497461928934
Login and Registration from Scratch with PHP and MySQL,20,1128,77,2.0,6.826241134751773
Getting Started with Magento,85,608,88,3.5,14.473684210526317
Ruby on Rails Foundations,20,359,45,6.5,12.534818941504177
Core Concepts in HTML 5,75,1532,19,2.0,1.2402088772845952
Learn Azure Cloud Step by Step,20,791,29,2.5,3.6662452591656134
Learn Facebook Flux Architecture for Web Applications,40,395,26,6.5,6.582278481012659
"Create free, fast and secure static website",50,322,9,31.0,2.7950310559006213
Object Orientation in PHP,20,151,40,5.0,26.490066225165563
Creating Custom Web Maps,50,208,48,2.0,23.076923076923077
Build A YouTube Downloader With C# And GitHub,20,385,39,2.5,10.129870129870131
Querying Microsoft SQL Server 2012 - (Exam No. 70-461),85,666,89,6.5,13.363363363363364
HTTP Clients with Laravel: Use and Consume Services and APIs,65,237,22,3.5,9.282700421940929
Modern E-Commerce Store In php & mysqli With Bootstrap,50,240,45,66.5,18.75
Simple And Easy: Wordpress For Beginners,Free,5014,196,3.0,3.9090546469884324
Create Website from scratch in Urdu & Hindi,Free,3033,91,1.0,3.0003297065611605
Advance Unix : File Processing: AWK | GREP | VIM,20,458,2,1.0,0.43668122270742354
Introduction to Node.js Development,55,1779,48,1.0,2.6981450252951094
Advance JavaScript for Coders: Learn OOP in JavaScript,40,334,41,11.5,12.275449101796406
Web Development With Google Maps,50,222,9,8.5,4.054054054054054
jQuery UI Ultimate:Design Amazing Interfaces Using jQuery UI,145,422,86,12.5,20.379146919431278
Learn Spring Security 4 Intermediate - Hands On,95,227,16,2.0,7.048458149779736
Learning Path: The Road to Elasticsearch,200,50,5,5.0,10.0
HTML/CSS Bootcamp,40,194,26,10.0,13.402061855670103
JavaScript High Performance,95,458,28,4.5,6.11353711790393
Node:js : Building Rest Apis with Sails.js,100,61,9,2.0,14.754098360655737
Fundamentals of Angular 2 Full Stack Design,95,314,43,6.5,13.694267515923567
Create Newsletter Subscription Form with PHP/AJAX in 40 Min,50,586,10,38.0,1.7064846416382253
AppML :basics for beginners,30,770,0,38.0,0.0
How to manage your own VPS and create websites,120,735,16,1.5,2.1768707482993195
Learn BuddyPress: Build A Social Network with WordPress,20,1299,15,1.0,1.1547344110854503
HTML FOR BEGINNERS,20,791,8,1.0,1.0113780025284451
XML XQuery - Crash Course for Beginners,45,426,4,1.0,0.9389671361502347
Simplified Cross Browser Web Testing Using VirtualBox,20,796,3,1.0,0.37688442211055273
JavaScript and jQuery Basics: Start The Journey,25,1316,22,5.0,1.6717325227963524
How to Install WordPress From Scratch,Free,8415,56,1.0,0.6654783125371361
CSS :basics for beginners,30,1085,8,32.0,0.7373271889400922
"WordPress Development - Themes, Plugins & Single Page Apps",150,817,164,19.5,20.0734394124847
Learn Effective HTML in No Time!,40,1275,11,1.0,0.8627450980392156
HTML5 Geolocation in Depth:Build 7 HTML5 Geolocation Apps,90,1526,72,6.5,4.718217562254259
Building a Search Engine in PHP & MySQL,Free,10110,379,2.5,3.7487636003956477
create a search engine for your website!,20,1832,6,1.5,0.32751091703056767
Learn basics of HTML in 30 Minutes,20,945,17,33.0,1.7989417989417988
JavaScript from Scratch for Very Beginners,30,1272,31,5.0,2.4371069182389937
Learn Web Development by Creating a Social Network,200,442,48,6.5,10.85972850678733
CSS Image filters - The modern web images color manipulation,Free,6315,53,1.5,0.8392715756136183
Building Responsive Websites with Bootstrap 3 Framework,75,1322,14,3.0,1.059001512859304
Create a Membership Site with Wishlist Member & Wordpress,95,557,39,2.5,7.001795332136446
Convert HTML Websites into PHP: Learn by Doing in 40 Minutes,50,540,13,36.0,2.4074074074074074
17 Complete JavaScript   projects explained step by step,185,327,26,9.5,7.951070336391437
Mastering Unix : AWK Commands,20,358,0,2.0,0.0
Cakephp:Creating a CRUD application,40,803,2,31.0,0.24906600249066002
HTML and CSS: A Guide to Web Design,25,1557,13,14.0,0.8349389852280027
Drupal 8 Site Building,Free,1942,23,4.5,1.184346035015448
Learn Bootstrap 4 The Most Popular HTML5 CSS3 & JS Framework,200,279,37,10.0,13.261648745519713
Essentials of Spring 5.0 for Developers,125,34,2,1.5,5.88235294117647
The Extreme Web Development Course - For Beginners,200,1420,62,5.5,4.366197183098591
JQuery DOM and Ajax Concept Explained for Beginners,35,1812,112,37.0,6.181015452538632
HTML Forms For Beginners: A Basic Introduction  ,45,2472,41,1.0,1.6585760517799353
Ultimate JavaScript Objects,20,1525,43,2.5,2.819672131147541
The Complete Web Developer Course - Build 20 Websites,20,2650,61,15.5,2.30188679245283
"Simple Javascript: Learn by Doing, Beginners Welcome!",25,2753,10,2.0,0.3632401017072285
"Learn HTML, CSS, and Ruby on Rails: Build Your First Blog",20,2985,40,1.5,1.340033500837521
Learn HTML5 Canvas for beginners,100,2360,12,3.5,0.5084745762711864
Bootstrap 4 Beginners: Code a Responsive Landing Page,30,948,193,3.5,20.35864978902954
Build Wordpress CMS Clone with Laravel 5,150,392,81,8.5,20.66326530612245
XML DTD - Crash Course for Beginners,45,944,1,1.0,0.1059322033898305
Beginner Photoshop to HTML5 and CSS3,Free,73110,1716,2.0,2.3471481329503487
XPATH :basics for beginners,40,878,6,37.0,0.683371298405467
The Fastest Way to Create a Website Using Godaddy,30,1454,14,30.0,0.9628610729023385
A how to guide in HTML,Free,7318,205,35.0,2.801311833834381
Building Better APIs with GraphQL,50,555,89,2.5,16.036036036036037
Learn Grunt with Examples: Automate Your Front End Workflow,20,496,113,1.0,22.782258064516128
Build A Stock Downloader With Visual Studio 2015 And C#,20,436,36,1.5,8.256880733944955
jQuery UI in Action: Build 5 jQuery UI Projects,150,382,28,15.5,7.329842931937172
Learn jQuery from Scratch - Master of JavaScript library,100,1040,14,2.0,1.3461538461538463
How To Design A WordPress Website With No Coding At All,25,306,3,3.5,0.9803921568627451
Learn and Build using Polymer,40,513,169,3.5,32.94346978557505
CSS Animations: Create Amazing Effects on Your Website,50,300,31,3.0,10.333333333333334
Using MODX CMS to Build Websites: A Beginner's Guide,45,901,36,2.0,3.9955604883462823
